Personnage,A compendium of colors-1797_000001.jpg,5210,9010
Personnage,A compendium of colors-1797_000084.jpg,5010,8810
Personnage,A compendium of colors-1797_000121.jpg,4677,8810
Personnage,A compendium of colors-1797_000210.jpg,4610,9077
Personnage,A compendium of colors-1797_000230.jpg,4610,9077
Personnage,A compendium of colors-1797_000231.jpg,4610,9077
Personnage,A compendium of colors-1797_000232.jpg,4610,9077
Portrait\,A compendium of colors-1797_000233.jpg,4610,9077
Personnage,A compendium of colors-1797_000234.jpg,5277,9077
Personnage,A compendium of colors-1797_000235.jpg,5077,9077
Personnage,A compendium of colors-1797_000236.jpg,5077,9077
Personnage,A compendium of colors-1797_000237.jpg,5077,9077
Personnage,A compendium of colors-1797_000238.jpg,5077,9077
Portrait\,A_New_Introduction_to_the_Art_of_Drawing_000015.jpg,749,1145
Portrait\,A_New_Introduction_to_the_Art_of_Drawing_000017.jpg,768,1158
Portrait\,A_New_Introduction_to_the_Art_of_Drawing_000019.jpg,824,1170
Anatomie humaine\,A_New_Introduction_to_the_Art_of_Drawing_000021.jpg,757,1178
Personnage,A_New_Introduction_to_the_Art_of_Drawing_000023.jpg,780,1169
Personnage,A_New_Introduction_to_the_Art_of_Drawing_000025.jpg,749,1166
Personnage,A_New_Introduction_to_the_Art_of_Drawing_000027.jpg,822,1152
Animal\,A_New_Introduction_to_the_Art_of_Drawing_000029.jpg,746,1143
Animal\,A_New_Introduction_to_the_Art_of_Drawing_000031.jpg,744,1140
Paysage\,A_New_Introduction_to_the_Art_of_Drawing_000033.jpg,758,1144
Paysage\,A_New_Introduction_to_the_Art_of_Drawing_000035.jpg,753,1144
Anatomie humaine\,All draughtsmen's assistant-1780_000018.jpg,4610,5944
Anatomie humaine\,All draughtsmen's assistant-1780_000019.jpg,4677,6010
Anatomie humaine\,All draughtsmen's assistant-1780_000020.jpg,4810,6077
Geometrie,All draughtsmen's assistant-1780_000021.jpg,4744,6077
Paysage\,All draughtsmen's assistant-1780_000022.jpg,4677,6010
Portrait\,All draughtsmen's assistant-1780_000023.jpg,5944,4610
Portrait\,All draughtsmen's assistant-1780_000024.jpg,5944,4610
Portrait\,All draughtsmen's assistant-1780_000025.jpg,5944,4610
Portrait\,All draughtsmen's assistant-1780_000026.jpg,4610,5944
Personnage,All draughtsmen's assistant-1780_000027.jpg,4677,6010
Personnage,All draughtsmen's assistant-1780_000028.jpg,4677,6010
Personnage,All draughtsmen's assistant-1780_000029.jpg,4810,6144
Personnage,All draughtsmen's assistant-1780_000030.jpg,4610,5944
Personnage,All draughtsmen's assistant-1780_000031.jpg,4810,6077
Personnage,All draughtsmen's assistant-1780_000032.jpg,4610,5944
Scene\,All draughtsmen's assistant-1780_000033.jpg,4610,5944
Scene\,All draughtsmen's assistant-1780_000034.jpg,4744,6010
Scene\,All draughtsmen's assistant-1780_000035.jpg,4677,6010
Scene\,All draughtsmen's assistant-1780_000036.jpg,5144,6344
Scene\,All draughtsmen's assistant-1780_000037.jpg,4744,6010
Scene\,All draughtsmen's assistant-1780_000038.jpg,4877,6144
Personnage,All draughtsmen's assistant-1780_000039.jpg,4610,5944
Paysage\,All draughtsmen's assistant-1780_000040.jpg,5944,4610
Paysage\,All draughtsmen's assistant-1780_000041.jpg,5944,4610
Paysage\,All draughtsmen's assistant-1780_000042.jpg,5944,4610
Paysage\,All draughtsmen's assistant-1780_000043.jpg,5944,4610
Paysage\,All draughtsmen's assistant-1780_000044.jpg,5944,4610
Paysage\,All draughtsmen's assistant-1780_000045.jpg,5944,4610
Paysage\,All draughtsmen's assistant-1780_000046.jpg,5944,4610
Paysage\,All draughtsmen's assistant-1780_000047.jpg,5944,4610
Paysage\,All draughtsmen's assistant-1780_000048.jpg,5944,4610
Paysage\,All draughtsmen's assistant-1780_000049.jpg,5944,4610
Paysage\,All draughtsmen's assistant-1780_000050.jpg,5944,4610
Paysage\,All draughtsmen's assistant-1780_000051.jpg,5944,4610
Scene\,All draughtsmen's assistant-1780_000052.jpg,6077,4810
Paysage\,All draughtsmen's assistant-1780_000053.jpg,6010,4677
Paysage\,All draughtsmen's assistant-1780_000054.jpg,5944,4610
Paysage\,All draughtsmen's assistant-1780_000055.jpg,5944,4610
Paysage\,All draughtsmen's assistant-1780_000056.jpg,5944,4810
Paysage\,All draughtsmen's assistant-1780_000057.jpg,5944,4810
Paysage\,All draughtsmen's assistant-1780_000058.jpg,6010,4877
Paysage\,All draughtsmen's assistant-1780_000059.jpg,6010,4877
Paysage\,All draughtsmen's assistant-1780_000060.jpg,6010,4877
Paysage\,All draughtsmen's assistant-1780_000061.jpg,6010,4877
Paysage\,All draughtsmen's assistant-1780_000062.jpg,5944,4810
Paysage\,All draughtsmen's assistant-1780_000063.jpg,5944,4810
Portrait\,All draughtsmen's assistant-1780_000064.jpg,4810,5944
Portrait\,All draughtsmen's assistant-1780_000065.jpg,4810,5944
Paysage\,All draughtsmen's assistant-1780_000066.jpg,4944,6010
Paysage\,All draughtsmen's assistant-1780_000067.jpg,5077,6144
Plante\,All draughtsmen's assistant-1780_000068.jpg,4810,5944
Plante\,All draughtsmen's assistant-1780_000069.jpg,4877,6010
Plante\,All draughtsmen's assistant-1780_000070.jpg,5010,6077
Plante\,All draughtsmen's assistant-1780_000071.jpg,5010,6144
Plante\,All draughtsmen's assistant-1780_000072.jpg,4944,6010
Plante\,All draughtsmen's assistant-1780_000073.jpg,4877,6010
Animal\,All draughtsmen's assistant-1780_000074.jpg,4810,5944
Animal\,All draughtsmen's assistant-1780_000075.jpg,4877,6010
Animal\,All draughtsmen's assistant-1780_000076.jpg,4810,5944
Animal\,All draughtsmen's assistant-1780_000077.jpg,4877,6010
Animal\,All draughtsmen's assistant-1780_000078.jpg,4877,6010
Animal\,All draughtsmen's assistant-1780_000079.jpg,5144,6210
Animal\,All draughtsmen's assistant-1780_000080.jpg,4944,6077
Animal\,All draughtsmen's assistant-1780_000081.jpg,4810,5944
Animal\,All draughtsmen's assistant-1780_000082.jpg,6010,4877
Animal\,All draughtsmen's assistant-1780_000083.jpg,6010,4877
Animal\,All draughtsmen's assistant-1780_000084.jpg,6144,4877
Animal\,All draughtsmen's assistant-1780_000085.jpg,5944,5010
Animal\,All draughtsmen's assistant-1780_000086.jpg,6010,5010
Animal\,All draughtsmen's assistant-1780_000087.jpg,5877,4877
Animal\,All draughtsmen's assistant-1780_000088.jpg,5877,4877
Animal\,All draughtsmen's assistant-1780_000089.jpg,5944,4877
Portrait\,art_of_drawing1800__z4_000016.jpg,2992,5015
Anatomie humaine\,art_of_drawing1800__z4_000017.jpg,2992,5010
Anatomie humaine\,art_of_drawing1800__z4_000018.jpg,2992,5010
Portrait\,art_of_drawing1800__z4_000019.jpg,2992,5015
Anatomie humaine\,art_of_drawing1800__z4_000020.jpg,2992,5015
Anatomie humaine\,art_of_drawing1800__z4_000021.jpg,2992,5015
Anatomie humaine\,artists_vade_mecum_000013.jpg,1788,1323
Anatomie humaine\,artists_vade_mecum_000015.jpg,1315,1788
Anatomie humaine\,artists_vade_mecum_000017.jpg,1317,1788
Anatomie humaine\,artists_vade_mecum_000019.jpg,1310,1788
Anatomie humaine\,artists_vade_mecum_000021.jpg,1313,1788
Anatomie humaine\,artists_vade_mecum_000023.jpg,1306,1788
Anatomie humaine\,artists_vade_mecum_000025.jpg,1304,1788
Portrait\,artists_vade_mecum_000027.jpg,1296,1788
Portrait\,artists_vade_mecum_000029.jpg,1300,1788
Portrait\,artists_vade_mecum_000031.jpg,1302,1788
Portrait\,artists_vade_mecum_000033.jpg,1296,1788
Portrait\,artists_vade_mecum_000035.jpg,1298,1788
Portrait\,artists_vade_mecum_000037.jpg,1300,1788
Portrait\,artists_vade_mecum_000039.jpg,1296,1788
Portrait\,artists_vade_mecum_000041.jpg,1283,1788
Portrait\,artists_vade_mecum_000043.jpg,1283,1788
Portrait\,artists_vade_mecum_000045.jpg,1285,1788
Portrait\,artists_vade_mecum_000047.jpg,1281,1788
Portrait\,artists_vade_mecum_000049.jpg,1283,1788
Portrait\,artists_vade_mecum_000051.jpg,1275,1788
Portrait\,artists_vade_mecum_000053.jpg,1275,1788
Portrait\,artists_vade_mecum_000055.jpg,1279,1788
Portrait\,artists_vade_mecum_000057.jpg,1269,1788
Portrait\,artists_vade_mecum_000059.jpg,1269,1788
Portrait\,artists_vade_mecum_000061.jpg,1269,1788
Portrait\,artists_vade_mecum_000063.jpg,1271,1788
Portrait\,artists_vade_mecum_000065.jpg,1269,1788
Anatomie humaine\,artists_vade_mecum_000067.jpg,1265,1788
Anatomie humaine\,artists_vade_mecum_000069.jpg,1269,1788
Anatomie humaine\,artists_vade_mecum_000071.jpg,1265,1788
Anatomie humaine\,artists_vade_mecum_000073.jpg,1263,1788
Anatomie humaine\,artists_vade_mecum_000075.jpg,1269,1788
Anatomie humaine\,artists_vade_mecum_000077.jpg,1267,1788
Anatomie humaine\,artists_vade_mecum_000079.jpg,1269,1788
Anatomie humaine\,artists_vade_mecum_000081.jpg,1265,1788
Anatomie humaine\,artists_vade_mecum_000083.jpg,1265,1788
Anatomie humaine\,artists_vade_mecum_000085.jpg,1260,1788
Anatomie humaine\,artists_vade_mecum_000087.jpg,1260,1788
Anatomie humaine\,artists_vade_mecum_000089.jpg,1258,1788
Anatomie humaine\,artists_vade_mecum_000091.jpg,1252,1788
Portrait\,artists_vade_mecum_000093.jpg,1265,1788
Portrait\,artists_vade_mecum_000095.jpg,1256,1788
Personnage,artists_vade_mecum_000097.jpg,1258,1788
Personnage,artists_vade_mecum_000099.jpg,1256,1788
Personnage,artists_vade_mecum_000101.jpg,1252,1788
Personnage,artists_vade_mecum_000103.jpg,1256,1788
Personnage,artists_vade_mecum_000105.jpg,1254,1788
Personnage,artists_vade_mecum_000107.jpg,1258,1788
Personnage,artists_vade_mecum_000109.jpg,1250,1788
Personnage,artists_vade_mecum_000111.jpg,1258,1788
Animal\,artists_vade_mecum_000113.jpg,1248,1788
Personnage,artists_vade_mecum_000117.jpg,1788,1263
Scene\,artists_vade_mecum_000119.jpg,1252,1788
Scene\,artists_vade_mecum_000121.jpg,1252,1788
Scene\,artists_vade_mecum_000123.jpg,1250,1788
Scene\,artists_vade_mecum_000125.jpg,1250,1788
Scene\,artists_vade_mecum_000127.jpg,1258,1788
Scene\,artists_vade_mecum_000129.jpg,1258,1788
Scene\,artists_vade_mecum_000131.jpg,1258,1788
Scene\,artists_vade_mecum_000133.jpg,1254,1788
Animal\,artists_vade_mecum_000137.jpg,1254,1788
Animal\,artists_vade_mecum_000141.jpg,1256,1788
Animal\,artists_vade_mecum_000143.jpg,1788,1260
Animal\,artists_vade_mecum_000145.jpg,1788,1258
Animal\,artists_vade_mecum_000147.jpg,1788,1265
Animal\,artists_vade_mecum_000149.jpg,1265,1788
Animal\,artists_vade_mecum_000151.jpg,1265,1788
Animal\,artists_vade_mecum_000153.jpg,1788,1258
Animal\,artists_vade_mecum_000155.jpg,1258,1788
Animal\,artists_vade_mecum_000157.jpg,1263,1788
Animal\,artists_vade_mecum_000159.jpg,1258,1788
Animal\,artists_vade_mecum_000161.jpg,1263,1788
Animal\,artists_vade_mecum_000163.jpg,1267,1788
Animal\,artists_vade_mecum_000165.jpg,1260,1788
Plante\,artists_vade_mecum_000167.jpg,1265,1788
Plante\,artists_vade_mecum_000169.jpg,1263,1788
Plante\,artists_vade_mecum_000171.jpg,1271,1788
Plante\,artists_vade_mecum_000173.jpg,1269,1788
Plante\,artists_vade_mecum_000175.jpg,1267,1788
Plante\,artists_vade_mecum_000177.jpg,1269,1788
Plante\,artists_vade_mecum_000179.jpg,1269,1788
Plante\,artists_vade_mecum_000181.jpg,1275,1788
Plante\,artists_vade_mecum_000183.jpg,1271,1788
Paysage\,artists_vade_mecum_000185.jpg,1271,1788
Paysage\,artists_vade_mecum_000187.jpg,1279,1788
Paysage\,artists_vade_mecum_000189.jpg,1273,1788
Paysage\,artists_vade_mecum_000191.jpg,1269,1788
Paysage\,artists_vade_mecum_000193.jpg,1269,1788
Paysage\,artists_vade_mecum_000195.jpg,1271,1788
Paysage\,artists_vade_mecum_000197.jpg,1279,1788
Paysage\,artists_vade_mecum_000199.jpg,1273,1788
Paysage\,artists_vade_mecum_000201.jpg,1275,1788
Paysage\,artists_vade_mecum_000203.jpg,1271,1788
Paysage\,artists_vade_mecum_000205.jpg,1263,1788
Paysage\,artists_vade_mecum_000207.jpg,1263,1788
Paysage\,artists_vade_mecum_000209.jpg,1265,1788
Plante\,artists_vade_mecum_000211.jpg,1281,1788
Anatomie humaine\,artofpaintinginm00bout_000150.jpg,510,985
Geometrie,Arts_Companion_Or_A_New_Assistant_for_th_000014.jpg,529,983
Geometrie,Arts_Companion_Or_A_New_Assistant_for_th_000015.jpg,529,993
Geometrie,Arts_Companion_Or_A_New_Assistant_for_th_000017.jpg,529,996
Geometrie,Arts_Companion_Or_A_New_Assistant_for_th_000019.jpg,529,993
Geometrie,Arts_Companion_Or_A_New_Assistant_for_th_000022.jpg,529,984
Anatomie humaine\,assistent1785__z4_000017.jpg,5575,5479
Anatomie humaine\,assistent1785__z4_000020.jpg,6327,5571
Anatomie humaine\,assistent1785__z4_000023.jpg,6083,5540
Portrait\,assistent1785__z4_000034.jpg,6238,5558
Portrait\,assistent1785__z4_000035.jpg,6181,5552
Portrait\,assistent1785__z4_000036.jpg,6300,5567
Geometrie,assistent1785__z4_000045.jpg,2594,5117
Geometrie,assistent1785__z4_000046.jpg,2594,5117
Paysage\,assistent1785__z4_000047.jpg,2594,5117
Geometrie,assistent1785__z4_000048.jpg,2581,5115
Scene\,assistent1785_000006.jpg,1206,2425
Anatomie humaine\,assistent1785_000017.jpg,2658,2613
Anatomie humaine\,assistent1785_000020.jpg,3019,2656
Anatomie humaine\,assistent1785_000023.jpg,2902,2642
Portrait\,assistent1785_000034.jpg,2975,2650
Portrait\,assistent1785_000035.jpg,2948,2648
Portrait\,assistent1785_000036.jpg,3004,2654
Geometrie,assistent1785_000045.jpg,1238,2440
Geometrie,assistent1785_000046.jpg,1238,2440
Paysage\,assistent1785_000047.jpg,1238,2440
Geometrie,assistent1785_000048.jpg,1231,2440
Anatomie humaine\,b24927715_000207.jpg,3606,2115
Anatomie humaine\,b24927715_000208.jpg,1342,1552
Anatomie humaine\,b24927715_000209.jpg,3644,2375
Anatomie humaine\,b24927715_000211.jpg,3588,2177
Anatomie humaine\,b24927715_000213.jpg,3588,2177
Anatomie humaine\,b24927715_000215.jpg,3463,2281
Anatomie humaine\,b24927715_000217.jpg,3081,2225
Anatomie humaine\,b24927715_000219.jpg,2996,2146
Geometrie,b24927715_000221.jpg,3006,2004
Portrait\,b24927715_000223.jpg,2965,2325
Portrait\,b24927715_000225.jpg,2896,2338
Portrait\,b24927715_000227.jpg,2902,2269
Animal\,b24927715_000229.jpg,3031,2294
Animal\,b24927715_000231.jpg,3006,2350
Animal\,b24927715_000233.jpg,2996,2331
Animal\,b24927715_000235.jpg,3044,2375
Animal\,b24927715_000237.jpg,3081,2406
Geometrie,b24927715_000239.jpg,3006,2004
Anatomie humaine\,bickham1747bd1__z4_000033.jpg,6171,5700
Anatomie humaine\,bickham1747bd1__z4_000034.jpg,5829,5685
Anatomie humaine\,bickham1747bd1__z4_000035.jpg,6044,5779
Anatomie humaine\,bickham1747bd1__z4_000036.jpg,5888,5673
Anatomie humaine\,bickham1747bd1__z4_000037.jpg,6083,5719
Anatomie humaine\,bickham1747bd1__z4_000038.jpg,6058,5733
Anatomie humaine\,bickham1747bd1__z4_000039.jpg,5892,5708
Anatomie humaine\,bickham1747bd1__z4_000040.jpg,5944,5700
Personnage,bickham1747bd1__z4_000042.jpg,6090,5808
Paysage\,bickham1747bd1__z4_000043.jpg,5925,5740
Paysage\,bickham1747bd1__z4_000044.jpg,5998,5767
Paysage\,bickham1747bd1__z4_000045.jpg,5998,5760
Animal\,bickham1747bd1__z4_000046.jpg,5983,5775
Scene\,bickham1747bd1__z4_000047.jpg,6140,5765
Animal\,bickham1747bd1__z4_000048.jpg,5983,5733
Paysage\,bickham1747bd1__z4_000049.jpg,6185,5846
Anatomie humaine\,Bowle's complete drawing book-1800_000007.jpg,3410,4344
Anatomie humaine\,Bowle's complete drawing book-1800_000008.jpg,3410,4344
Anatomie humaine\,Bowle's complete drawing book-1800_000009.jpg,3144,4344
Anatomie humaine\,Bowle's complete drawing book-1800_000010.jpg,3410,4277
Anatomie humaine\,Bowle's complete drawing book-1800_000011.jpg,3344,4277
Anatomie humaine\,Bowle's complete drawing book-1800_000012.jpg,3344,4277
Anatomie humaine\,Bowle's complete drawing book-1800_000013.jpg,3277,4277
Anatomie humaine\,Bowle's complete drawing book-1800_000014.jpg,3277,4277
Portrait\,Bowle's complete drawing book-1800_000015.jpg,3277,4277
Portrait\,Bowle's complete drawing book-1800_000016.jpg,3210,4277
Portrait\,Bowle's complete drawing book-1800_000017.jpg,3210,4277
Portrait\,Bowle's complete drawing book-1800_000018.jpg,3210,4277
Portrait\,Bowle's complete drawing book-1800_000019.jpg,3077,4277
Portrait\,Bowle's complete drawing book-1800_000020.jpg,3077,4277
Portrait\,Bowle's complete drawing book-1800_000021.jpg,3077,4277
Portrait\,Bowle's complete drawing book-1800_000022.jpg,3077,4277
Portrait\,Bowle's complete drawing book-1800_000023.jpg,3077,4277
Portrait\,Bowle's complete drawing book-1800_000024.jpg,3077,4277
Portrait\,Bowle's complete drawing book-1800_000025.jpg,3077,4277
Portrait\,Bowle's complete drawing book-1800_000026.jpg,3077,4277
Portrait\,Bowle's complete drawing book-1800_000027.jpg,3077,4277
Portrait\,Bowle's complete drawing book-1800_000028.jpg,3144,4277
Portrait\,Bowle's complete drawing book-1800_000029.jpg,3144,4277
Portrait\,Bowle's complete drawing book-1800_000030.jpg,3144,4277
Anatomie humaine\,Bowle's complete drawing book-1800_000031.jpg,3144,4277
Anatomie humaine\,Bowle's complete drawing book-1800_000032.jpg,3144,4277
Anatomie humaine\,Bowle's complete drawing book-1800_000033.jpg,3144,4277
Anatomie humaine\,Bowle's complete drawing book-1800_000034.jpg,3144,4277
Anatomie humaine\,Bowle's complete drawing book-1800_000035.jpg,3277,4277
Anatomie humaine\,Bowle's complete drawing book-1800_000036.jpg,3277,4277
Anatomie humaine\,Bowle's complete drawing book-1800_000037.jpg,3344,4210
Anatomie humaine\,Bowle's complete drawing book-1800_000038.jpg,3410,4210
Anatomie humaine\,Bowle's complete drawing book-1800_000039.jpg,3344,4277
Anatomie humaine\,Bowle's complete drawing book-1800_000040.jpg,3344,4277
Anatomie humaine\,Bowle's complete drawing book-1800_000041.jpg,3344,4277
Anatomie humaine\,Bowle's complete drawing book-1800_000042.jpg,3210,4277
Anatomie humaine\,Bowle's complete drawing book-1800_000043.jpg,3277,4277
Anatomie humaine\,Bowle's complete drawing book-1800_000044.jpg,3277,4277
Anatomie humaine\,Bowle's complete drawing book-1800_000045.jpg,3277,4277
Anatomie humaine\,Bowle's complete drawing book-1800_000046.jpg,3277,4144
Personnage,Bowle's complete drawing book-1800_000047.jpg,3277,4144
Paysage\,Bowle's complete drawing book-1800_000048.jpg,3477,4344
Paysage\,Bowle's complete drawing book-1800_000049.jpg,3544,4344
Paysage\,Bowle's complete drawing book-1800_000050.jpg,3944,4610
Paysage\,Bowle's complete drawing book-1800_000051.jpg,3744,4477
Paysage\,Bowle's complete drawing book-1800_000052.jpg,3744,4477
Paysage\,Bowle's complete drawing book-1800_000053.jpg,3744,4477
Portrait\,Bowle's complete drawing book-1800_000054.jpg,3544,4410
Portrait\,Bowle's complete drawing book-1800_000055.jpg,3477,4344
Portrait\,Bowle's complete drawing book-1800_000056.jpg,3544,4277
Paysage\,Bowle's complete drawing book-1800_000058.jpg,3944,4744
Paysage\,Bowle's complete drawing book-1800_000059.jpg,3610,4677
Paysage\,Bowle's complete drawing book-1800_000060.jpg,3677,4677
Paysage\,Bowle's complete drawing book-1800_000061.jpg,3744,4677
Paysage\,Bowle's complete drawing book-1800_000062.jpg,3877,4744
Paysage\,Bowle's complete drawing book-1800_000063.jpg,3744,4610
Animal\,Bowle's complete drawing book-1800_000064.jpg,3610,4544
Animal\,Bowle's complete drawing book-1800_000065.jpg,3877,4810
Animal\,Bowle's complete drawing book-1800_000066.jpg,3810,4744
Animal\,Bowle's complete drawing book-1800_000067.jpg,3610,4544
Animal\,Bowle's complete drawing book-1800_000068.jpg,3610,4544
Animal\,Bowle's complete drawing book-1800_000069.jpg,3477,4544
Animal\,Bowle's complete drawing book-1800_000070.jpg,4544,3544
Animal\,Bowle's complete drawing book-1800_000071.jpg,3677,4610
Animal\,Bowle's complete drawing book-1800_000072.jpg,3744,4610
Plante\,Bowle's complete drawing book-1800_000073.jpg,4544,3410
Plante\,Bowle's complete drawing book-1800_000074.jpg,4544,3410
Animal\,Bowle's complete drawing book-1800_000075.jpg,3544,4610
Animal\,Bowle's complete drawing book-1800_000076.jpg,3544,4677
Animal\,Bowle's complete drawing book-1800_000077.jpg,3477,4610
Animal\,Bowle's complete drawing book-1800_000078.jpg,3410,4610
Animal\,Bowle's complete drawing book-1800_000079.jpg,4544,3544
Geometrie,bowles_principles__z4_000010.jpg,3279,5633
Portrait\,bowles_principles__z4_000015.jpg,3279,5633
Anatomie humaine\,bowles_principles__z4_000016.jpg,3279,5633
Anatomie humaine\,bowles_principles__z4_000017.jpg,3279,5633
Anatomie humaine\,bowles_principles__z4_000018.jpg,3279,5633
Anatomie humaine\,bowles_principles__z4_000019.jpg,3279,5633
Anatomie humaine\,bowles_principles__z4_000020.jpg,3279,5633
Portrait\,bowles_principles__z4_000021.jpg,3279,5633
Portrait\,bowles_principles__z4_000022.jpg,3279,5633
Portrait\,bowles_principles__z4_000023.jpg,3279,5633
Portrait\,bowles_principles__z4_000024.jpg,3279,5633
Anatomie humaine\,bowles_principles__z4_000025.jpg,3279,5633
Anatomie humaine\,bowles_principles__z4_000026.jpg,3279,5633
Anatomie humaine\,bowles_principles__z4_000027.jpg,3279,5633
Personnage,bowles_principles__z4_000028.jpg,3279,5633
Personnage,bowles_principles__z4_000029.jpg,3279,5633
Personnage,bowles_principles__z4_000030.jpg,3279,5633
Personnage,bowles_principles__z4_000031.jpg,3279,5633
Personnage,bowles_principles__z4_000032.jpg,3279,5633
Paysage\,bowles_principles__z4_000033.jpg,3279,5633
Personnage,bowles_principles__z4_000034.jpg,3279,5633
Paysage\,bowles_principles__z4_000035.jpg,3279,5633
Personnage,bowles_principles__z4_000036.jpg,3279,5633
Personnage,bowles_principles__z4_000037.jpg,3279,5633
Personnage,bowles_principles__z4_000038.jpg,3279,5633
Personnage,bowles_principles__z4_000039.jpg,3279,5633
Personnage,bowles_principles__z4_000040.jpg,3279,5633
Personnage,bowles_principles__z4_000041.jpg,3279,5633
Paysage\,bowles_principles__z4_000043.jpg,3279,5633
Paysage\,bowles_principles__z4_000044.jpg,3279,5633
Paysage\,bowles_principles__z4_000045.jpg,3279,5633
Paysage\,bowles_principles__z4_000046.jpg,3279,5633
Paysage\,bowles_principles__z4_000047.jpg,3279,5633
Paysage\,bowles_principles__z4_000048.jpg,3279,5633
Paysage\,bowles_principles__z4_000049.jpg,3279,5633
Paysage\,bowles_principles__z4_000050.jpg,3279,5633
Paysage\,bowles_principles__z4_000051.jpg,3279,5633
Animal\,bowles_principles__z4_000052.jpg,3279,5633
Animal\,bowles_principles__z4_000053.jpg,3279,5633
Animal\,bowles_principles__z4_000054.jpg,3279,5633
Animal\,bowles_principles__z4_000055.jpg,3279,5633
Animal\,bowles_principles__z4_000056.jpg,3279,5633
Plante\,bowles_principles__z4_000057.jpg,3279,5633
Plante\,bowles_principles__z4_000058.jpg,3279,5633
Plante\,bowles_principles__z4_000059.jpg,3279,5633
Animal\,bowles_principles__z4_000060.jpg,3279,5633
Animal\,bowles_principles__z4_000061.jpg,3279,5633
Animal\,bowles_principles__z4_000062.jpg,3279,5633
Paysage\,bowles_principles__z4_000063.jpg,3279,5633
Paysage\,bowles_principles__z4_000064.jpg,3279,5633
Personnage,bowles_principles__z4_000065.jpg,3279,5633
Animal\,bowles_principles__z4_000066.jpg,3279,5633
Animal\,bowles_principles__z4_000067.jpg,3279,5633
Animal\,bowles_principles__z4_000068.jpg,3279,5633
Animal\,bowles_principles__z4_000069.jpg,3279,5633
Animal\,bowles_principles__z4_000070.jpg,3279,5633
Paysage\,bowles_principles__z4_000071.jpg,3279,5633
Paysage\,bowles_principles__z4_000072.jpg,3279,5633
Paysage\,bowles_principles__z4_000073.jpg,3279,5633
Paysage\,bowles_principles__z4_000074.jpg,3279,5633
Anatomie humaine\,Bowles_s_Complete_Drawing_Book_The_ninth_000015.jpg,877,1096
Anatomie humaine\,Bowles_s_Complete_Drawing_Book_The_ninth_000017.jpg,868,1096
Anatomie humaine\,Bowles_s_Complete_Drawing_Book_The_ninth_000019.jpg,856,1079
Anatomie humaine\,Bowles_s_Complete_Drawing_Book_The_ninth_000021.jpg,875,1086
Anatomie humaine\,Bowles_s_Complete_Drawing_Book_The_ninth_000023.jpg,884,1106
Anatomie humaine\,Bowles_s_Complete_Drawing_Book_The_ninth_000025.jpg,875,1094
Anatomie humaine\,Bowles_s_Complete_Drawing_Book_The_ninth_000027.jpg,875,1093
Anatomie humaine\,Bowles_s_Complete_Drawing_Book_The_ninth_000029.jpg,929,1115
Portrait\,Bowles_s_Complete_Drawing_Book_The_ninth_000031.jpg,864,1104
Portrait\,Bowles_s_Complete_Drawing_Book_The_ninth_000033.jpg,869,1091
Portrait\,Bowles_s_Complete_Drawing_Book_The_ninth_000035.jpg,886,1087
Portrait\,Bowles_s_Complete_Drawing_Book_The_ninth_000037.jpg,907,1107
Portrait\,Bowles_s_Complete_Drawing_Book_The_ninth_000039.jpg,867,1096
Portrait\,Bowles_s_Complete_Drawing_Book_The_ninth_000041.jpg,877,1091
Portrait\,Bowles_s_Complete_Drawing_Book_The_ninth_000043.jpg,874,1104
Portrait\,Bowles_s_Complete_Drawing_Book_The_ninth_000045.jpg,863,1085
Portrait\,Bowles_s_Complete_Drawing_Book_The_ninth_000047.jpg,854,1083
Portrait\,Bowles_s_Complete_Drawing_Book_The_ninth_000049.jpg,870,1087
Portrait\,Bowles_s_Complete_Drawing_Book_The_ninth_000051.jpg,894,1094
Portrait\,Bowles_s_Complete_Drawing_Book_The_ninth_000053.jpg,871,1081
Portrait\,Bowles_s_Complete_Drawing_Book_The_ninth_000055.jpg,864,1092
Portrait\,Bowles_s_Complete_Drawing_Book_The_ninth_000057.jpg,866,1087
Portrait\,Bowles_s_Complete_Drawing_Book_The_ninth_000059.jpg,867,1085
Portrait\,Bowles_s_Complete_Drawing_Book_The_ninth_000061.jpg,863,1083
Anatomie humaine\,Bowles_s_Complete_Drawing_Book_The_ninth_000063.jpg,869,1083
Anatomie humaine\,Bowles_s_Complete_Drawing_Book_The_ninth_000065.jpg,896,1080
Anatomie humaine\,Bowles_s_Complete_Drawing_Book_The_ninth_000067.jpg,897,1076
Anatomie humaine\,Bowles_s_Complete_Drawing_Book_The_ninth_000069.jpg,898,1083
Anatomie humaine\,Bowles_s_Complete_Drawing_Book_The_ninth_000071.jpg,879,1093
Anatomie humaine\,Bowles_s_Complete_Drawing_Book_The_ninth_000073.jpg,847,1095
Anatomie humaine\,Bowles_s_Complete_Drawing_Book_The_ninth_000075.jpg,861,1082
Anatomie humaine\,Bowles_s_Complete_Drawing_Book_The_ninth_000077.jpg,882,1105
Anatomie humaine\,Bowles_s_Complete_Drawing_Book_The_ninth_000079.jpg,864,1092
Anatomie humaine\,Bowles_s_Complete_Drawing_Book_The_ninth_000081.jpg,895,1125
Anatomie humaine\,Bowles_s_Complete_Drawing_Book_The_ninth_000083.jpg,875,1100
Anatomie humaine\,Bowles_s_Complete_Drawing_Book_The_ninth_000085.jpg,874,1099
Anatomie humaine\,Bowles_s_Complete_Drawing_Book_The_ninth_000087.jpg,863,1099
Anatomie humaine\,Bowles_s_Complete_Drawing_Book_The_ninth_000089.jpg,851,1089
Anatomie humaine\,Bowles_s_Complete_Drawing_Book_The_ninth_000091.jpg,872,1100
Anatomie humaine\,Bowles_s_Complete_Drawing_Book_The_ninth_000093.jpg,849,1081
Personnage,Bowles_s_Complete_Drawing_Book_The_ninth_000095.jpg,847,1087
Personnage,Bowles_s_Complete_Drawing_Book_The_ninth_000097.jpg,872,1124
Personnage,Bowles_s_Complete_Drawing_Book_The_ninth_000099.jpg,869,1090
Personnage,Bowles_s_Complete_Drawing_Book_The_ninth_000101.jpg,850,1089
Personnage,Bowles_s_Complete_Drawing_Book_The_ninth_000103.jpg,862,1081
Personnage,Bowles_s_Complete_Drawing_Book_The_ninth_000105.jpg,886,1100
Personnage,Bowles_s_Complete_Drawing_Book_The_ninth_000107.jpg,872,1104
Personnage,Bowles_s_Complete_Drawing_Book_The_ninth_000109.jpg,871,1090
Personnage,Bowles_s_Complete_Drawing_Book_The_ninth_000111.jpg,849,1086
Personnage,Bowles_s_Complete_Drawing_Book_The_ninth_000113.jpg,884,1121
Paysage\,Bowles_s_Complete_Drawing_Book_The_ninth_000115.jpg,886,1098
Paysage\,Bowles_s_Complete_Drawing_Book_The_ninth_000117.jpg,872,1102
Paysage\,Bowles_s_Complete_Drawing_Book_The_ninth_000119.jpg,872,1120
Paysage\,Bowles_s_Complete_Drawing_Book_The_ninth_000121.jpg,859,1100
Paysage\,Bowles_s_Complete_Drawing_Book_The_ninth_000123.jpg,872,1106
Paysage\,Bowles_s_Complete_Drawing_Book_The_ninth_000125.jpg,873,1110
Paysage\,Bowles_s_Complete_Drawing_Book_The_ninth_000127.jpg,869,1105
Paysage\,Bowles_s_Complete_Drawing_Book_The_ninth_000129.jpg,893,1130
Paysage\,Bowles_s_Complete_Drawing_Book_The_ninth_000131.jpg,859,1094
Paysage\,Bowles_s_Complete_Drawing_Book_The_ninth_000133.jpg,843,1094
Paysage\,Bowles_s_Complete_Drawing_Book_The_ninth_000135.jpg,894,1114
Paysage\,Bowles_s_Complete_Drawing_Book_The_ninth_000137.jpg,844,1094
Portrait\,Bowles_s_Complete_Drawing_Book_The_ninth_000139.jpg,851,1090
Portrait\,Bowles_s_Complete_Drawing_Book_The_ninth_000141.jpg,872,1120
Portrait\,Bowles_s_Complete_Drawing_Book_The_ninth_000143.jpg,848,1087
Portrait\,Bowles_s_Complete_Drawing_Book_The_ninth_000145.jpg,865,1094
Portrait\,Bowles_s_Complete_Drawing_Book_The_ninth_000147.jpg,857,1094
Paysage\,Bowles_s_Complete_Drawing_Book_The_ninth_000149.jpg,906,1109
Paysage\,Bowles_s_Complete_Drawing_Book_The_ninth_000151.jpg,846,1118
Paysage\,Bowles_s_Complete_Drawing_Book_The_ninth_000153.jpg,872,1116
Portrait\,Bowles_s_Complete_Drawing_Book_The_ninth_000155.jpg,904,1104
Portrait\,Bowles_s_Complete_Drawing_Book_The_ninth_000157.jpg,896,1096
Portrait\,Bowles_s_Complete_Drawing_Book_The_ninth_000159.jpg,907,1095
Portrait\,Bowles_s_Complete_Drawing_Book_The_ninth_000161.jpg,910,1096
Portrait\,Bowles_s_Complete_Drawing_Book_The_ninth_000163.jpg,872,1104
Portrait\,Bowles_s_Complete_Drawing_Book_The_ninth_000165.jpg,897,1096
Paysage\,Bowles_s_Complete_Drawing_Book_The_ninth_000167.jpg,844,1094
Paysage\,Bowles_s_Complete_Drawing_Book_The_ninth_000169.jpg,872,1108
Paysage\,Bowles_s_Complete_Drawing_Book_The_ninth_000171.jpg,857,1101
Paysage\,Bowles_s_Complete_Drawing_Book_The_ninth_000173.jpg,872,1144
Paysage\,Bowles_s_Complete_Drawing_Book_The_ninth_000175.jpg,888,1110
Paysage\,Bowles_s_Complete_Drawing_Book_The_ninth_000177.jpg,864,1125
Animal\,Bowles_s_Complete_Drawing_Book_The_ninth_000179.jpg,845,1094
Animal\,Bowles_s_Complete_Drawing_Book_The_ninth_000181.jpg,843,1080
Animal\,Bowles_s_Complete_Drawing_Book_The_ninth_000183.jpg,872,1098
Animal\,Bowles_s_Complete_Drawing_Book_The_ninth_000185.jpg,888,1116
Animal\,Bowles_s_Complete_Drawing_Book_The_ninth_000187.jpg,872,1104
Animal\,Bowles_s_Complete_Drawing_Book_The_ninth_000189.jpg,851,1089
Animal\,Bowles_s_Complete_Drawing_Book_The_ninth_000191.jpg,861,1078
Animal\,Bowles_s_Complete_Drawing_Book_The_ninth_000193.jpg,1124,872
Animal\,Bowles_s_Complete_Drawing_Book_The_ninth_000195.jpg,849,1103
Animal\,Bowles_s_Complete_Drawing_Book_The_ninth_000197.jpg,854,1076
Animal\,Bowles_s_Complete_Drawing_Book_The_ninth_000199.jpg,852,1091
Plante\,Bowles_s_Complete_Drawing_Book_The_ninth_000201.jpg,1093,844
Plante\,Bowles_s_Complete_Drawing_Book_The_ninth_000203.jpg,1092,872
Animal\,Bowles_s_Complete_Drawing_Book_The_ninth_000205.jpg,871,1101
Animal\,Bowles_s_Complete_Drawing_Book_The_ninth_000207.jpg,862,1076
Animal\,Bowles_s_Complete_Drawing_Book_The_ninth_000209.jpg,857,1077
Animal\,Bowles_s_Complete_Drawing_Book_The_ninth_000211.jpg,852,1088
Animal\,Bowles_s_Complete_Drawing_Book_The_ninth_000213.jpg,871,1097
Anatomie humaine\,Bowles's artist's assistant-1785_000010.jpg,4944,4477
Anatomie humaine\,Bowles's artist's assistant-1785_000013.jpg,3410,4344
Anatomie humaine\,Bowles's Proportions of the human body-1785_000004.jpg,3677,6410
Anatomie humaine\,Bowles's Proportions of the human body-1785_000005.jpg,3677,6410
Anatomie humaine\,Bowles's Proportions of the human body-1785_000006.jpg,3744,6410
Anatomie humaine\,Bowles's Proportions of the human body-1785_000007.jpg,3610,6344
Personnage,Bowles's Proportions of the human body-1785_000008.jpg,3410,6210
Anatomie humaine\,Bowles's Proportions of the human body-1785_000009.jpg,3744,6410
Anatomie humaine\,Bowles's Proportions of the human body-1785_000010.jpg,3610,6344
Anatomie humaine\,Bowles's Proportions of the human body-1785_000011.jpg,3744,6410
Anatomie humaine\,Bowles's Proportions of the human body-1785_000012.jpg,3610,6344
Anatomie humaine\,Bowles's Proportions of the human body-1785_000013.jpg,3744,6410
Anatomie humaine\,Bowles's Proportions of the human body-1785_000014.jpg,3810,6477
Anatomie humaine\,Bowles's Proportions of the human body-1785_000015.jpg,3810,6410
Anatomie humaine\,Bowles's Proportions of the human body-1785_000016.jpg,3677,6344
Anatomie humaine\,Bowles's Proportions of the human body-1785_000017.jpg,3810,6477
Anatomie humaine\,Bowles's Proportions of the human body-1785_000018.jpg,3610,6344
Anatomie humaine\,Bowles's Proportions of the human body-1785_000019.jpg,3610,6344
Anatomie humaine\,Bowles's Proportions of the human body-1785_000020.jpg,3744,6410
Anatomie humaine\,Bowles's Proportions of the human body-1785_000021.jpg,3877,6477
Anatomie humaine\,Bowles's Proportions of the human body-1785_000022.jpg,3677,6344
Anatomie humaine\,Bowles's Proportions of the human body-1785_000023.jpg,3677,6344
Anatomie humaine\,Bowles's Proportions of the human body-1785_000024.jpg,3810,6410
Anatomie humaine\,Bowles's Proportions of the human body-1785_000025.jpg,6410,3810
Anatomie humaine\,Bowles's Proportions of the human body-1785_000026.jpg,6410,3810
Anatomie humaine\,Bowles's Proportions of the human body-1785_000027.jpg,6477,3944
Anatomie humaine\,Bowles's Proportions of the human body-1785_000028.jpg,6344,3744
Anatomie humaine\,Bowles's Proportions of the human body-1785_000029.jpg,6344,3744
Anatomie humaine\,Bowles's Proportions of the human body-1785_000030.jpg,6410,3744
Anatomie humaine\,Bowles's Proportions of the human body-1785_000031.jpg,6410,3744
Anatomie humaine\,Bowles's youth assistant in drawing-1791_000007.jpg,4477,6144
Anatomie humaine\,Bowles's youth assistant in drawing-1791_000008.jpg,4477,6144
Anatomie humaine\,Bowles's youth assistant in drawing-1791_000009.jpg,4477,6144
Anatomie humaine\,Bowles's youth assistant in drawing-1791_000010.jpg,4477,6144
Anatomie humaine\,Bowles's youth assistant in drawing-1791_000011.jpg,4477,6144
Anatomie humaine\,Bowles's youth assistant in drawing-1791_000012.jpg,4477,6144
Anatomie humaine\,Bowles's youth assistant in drawing-1791_000013.jpg,4477,6144
Anatomie humaine\,Bowles's youth assistant in drawing-1791_000014.jpg,4477,6144
Anatomie humaine\,Bowles's youth assistant in drawing-1791_000015.jpg,4477,6144
Portrait\,Bowles's youth assistant in drawing-1791_000016.jpg,4477,6144
Portrait\,Bowles's youth assistant in drawing-1791_000017.jpg,4477,6144
Portrait\,Bowles's youth assistant in drawing-1791_000018.jpg,4477,6210
Portrait\,Bowles's youth assistant in drawing-1791_000019.jpg,4477,6144
Portrait\,Bowles's youth assistant in drawing-1791_000020.jpg,4277,5877
Portrait\,Bowles's youth assistant in drawing-1791_000021.jpg,4144,5877
Portrait\,Bowles's youth assistant in drawing-1791_000022.jpg,4144,5877
Portrait\,Bowles's youth assistant in drawing-1791_000023.jpg,4144,5877
Portrait\,Bowles's youth assistant in drawing-1791_000024.jpg,4144,5877
Portrait\,Bowles's youth assistant in drawing-1791_000025.jpg,4144,5877
Portrait\,Bowles's youth assistant in drawing-1791_000026.jpg,4277,6010
Portrait\,Bowles's youth assistant in drawing-1791_000027.jpg,4144,5877
Portrait\,Bowles's youth assistant in drawing-1791_000028.jpg,4744,6344
Portrait\,Bowles's youth assistant in drawing-1791_000029.jpg,4144,5877
Portrait\,Bowles's youth assistant in drawing-1791_000030.jpg,4277,5877
Anatomie humaine\,Bowles's youth assistant in drawing-1791_000031.jpg,4144,5944
Anatomie humaine\,Bowles's youth assistant in drawing-1791_000032.jpg,4544,5944
Anatomie humaine\,Bowles's youth assistant in drawing-1791_000033.jpg,4544,5944
Anatomie humaine\,Bowles's youth assistant in drawing-1791_000034.jpg,4544,5944
Anatomie humaine\,Bowles's youth assistant in drawing-1791_000035.jpg,4544,5944
Anatomie humaine\,Bowles's youth assistant in drawing-1791_000036.jpg,4544,5944
Anatomie humaine\,Bowles's youth assistant in drawing-1791_000037.jpg,4544,5944
Anatomie humaine\,Bowles's youth assistant in drawing-1791_000038.jpg,4544,5944
Anatomie humaine\,Bowles's youth assistant in drawing-1791_000039.jpg,4544,5944
Anatomie humaine\,Bowles's youth assistant in drawing-1791_000040.jpg,4544,5944
Anatomie humaine\,Bowles's youth assistant in drawing-1791_000041.jpg,4544,5944
Anatomie humaine\,Bowles's youth assistant in drawing-1791_000042.jpg,4544,5944
Anatomie humaine\,Bowles's youth assistant in drawing-1791_000043.jpg,4544,5944
Anatomie humaine\,Bowles's youth assistant in drawing-1791_000044.jpg,4544,5944
Anatomie humaine\,Bowles's youth assistant in drawing-1791_000045.jpg,4544,5944
Anatomie humaine\,Bowles's youth assistant in drawing-1791_000046.jpg,4544,5944
Personnage,Bowles's youth assistant in drawing-1791_000047.jpg,4544,5944
Personnage,Bowles's youth assistant in drawing-1791_000048.jpg,4544,5944
Personnage,Bowles's youth assistant in drawing-1791_000049.jpg,4544,5944
Personnage,Bowles's youth assistant in drawing-1791_000050.jpg,4544,5944
Personnage,Bowles's youth assistant in drawing-1791_000051.jpg,4544,5944
Personnage,Bowles's youth assistant in drawing-1791_000052.jpg,4544,5944
Personnage,Bowles's youth assistant in drawing-1791_000053.jpg,4544,5944
Personnage,Bowles's youth assistant in drawing-1791_000054.jpg,4544,5944
Personnage,Bowles's youth assistant in drawing-1791_000055.jpg,4544,5944
Personnage,Bowles's youth assistant in drawing-1791_000056.jpg,4544,5944
Anatomie humaine\,bowles1777__z4_000027.jpg,3981,5938
Anatomie humaine\,bowles1777__z4_000028.jpg,3981,5938
Anatomie humaine\,bowles1777__z4_000029.jpg,3981,5938
Geometrie,bowles1777__z4_000030.jpg,3981,5938
Paysage\,bowles1777__z4_000031.jpg,3981,5938
Portrait\,bowles1777__z4_000032.jpg,3981,5938
Portrait\,bowles1777__z4_000033.jpg,3981,5938
Portrait\,bowles1777__z4_000034.jpg,3981,5938
Portrait\,bowles1777__z4_000035.jpg,3981,5938
Portrait\,bowles1777__z4_000036.jpg,3921,5931
Portrait\,bowles1777__z4_000037.jpg,3921,5908
Personnage,bowles1777__z4_000038.jpg,3921,5908
Personnage,bowles1777__z4_000039.jpg,3954,5910
Personnage,bowles1777__z4_000040.jpg,3954,5910
Personnage,bowles1777__z4_000041.jpg,3954,5910
Personnage,bowles1777__z4_000042.jpg,3954,5910
Personnage,bowles1777__z4_000043.jpg,3954,5910
Personnage,bowles1777__z4_000044.jpg,3954,5910
Scene\,bowles1777__z4_000045.jpg,3954,5910
Scene\,bowles1777__z4_000046.jpg,3954,5910
Scene\,bowles1777__z4_000047.jpg,3954,5910
Scene\,bowles1777__z4_000048.jpg,3906,5906
Scene\,bowles1777__z4_000049.jpg,3906,5906
Paysage\,bowles1777__z4_000050.jpg,3906,5906
Paysage\,bowles1777__z4_000051.jpg,3906,5906
Paysage\,bowles1777__z4_000052.jpg,3906,5906
Paysage\,bowles1777__z4_000053.jpg,3906,5906
Paysage\,bowles1777__z4_000054.jpg,3906,5906
Paysage\,bowles1777__z4_000055.jpg,3906,5906
Paysage\,bowles1777__z4_000056.jpg,3906,5906
Paysage\,bowles1777__z4_000057.jpg,3906,5906
Paysage\,bowles1777__z4_000058.jpg,3906,5906
Paysage\,bowles1777__z4_000059.jpg,3906,5906
Paysage\,bowles1777__z4_000060.jpg,3906,5906
Paysage\,bowles1777__z4_000061.jpg,3906,5906
Paysage\,bowles1777__z4_000062.jpg,3906,5906
Paysage\,bowles1777__z4_000063.jpg,3906,5906
Animal\,bowles1777__z4_000064.jpg,3906,5906
Animal\,bowles1777__z4_000065.jpg,3906,5906
Scene\,bowles1777__z4_000066.jpg,3906,5906
Scene\,bowles1777__z4_000067.jpg,3906,5906
Scene\,bowles1777__z4_000068.jpg,3906,5906
Animal\,bowles1777__z4_000069.jpg,3906,5906
Animal\,bowles1777__z4_000070.jpg,3906,5906
Animal\,bowles1777__z4_000071.jpg,3906,5906
Animal\,bowles1777__z4_000072.jpg,5906,3906
Animal\,bowles1777__z4_000073.jpg,3906,5906
Animal\,bowles1777__z4_000074.jpg,3906,5906
Animal\,bowles1777__z4_000075.jpg,3906,5906
Animal\,bowles1777__z4_000076.jpg,3906,5906
Animal\,bowles1777__z4_000077.jpg,4038,5921
Animal\,bowles1777__z4_000078.jpg,4038,5921
Animal\,bowles1777__z4_000079.jpg,4117,5931
Paysage\,bowles1777__z4_000080.jpg,4117,5931
Paysage\,bowles1777__z4_000081.jpg,4117,5931
Paysage\,bowles1777__z4_000082.jpg,4117,5931
Plante\,bowles1777__z4_000087.jpg,4054,5923
Plante\,bowles1777__z4_000088.jpg,4048,5923
Plante\,bowles1777__z4_000089.jpg,4033,5921
Plante\,bowles1777__z4_000090.jpg,4033,5921
Plante\,bowles1777__z4_000091.jpg,4054,5923
Anatomie humaine\,dorigny1782__z4_000031.jpg,3240,5492
Anatomie humaine\,dorigny1782__z4_000032.jpg,3240,5492
Anatomie humaine\,dorigny1782__z4_000033.jpg,3240,5492
Anatomie humaine\,dorigny1782__z4_000034.jpg,3156,5481
Anatomie humaine\,dorigny1782__z4_000035.jpg,3156,5481
Anatomie humaine\,dorigny1782__z4_000036.jpg,3156,5481
Anatomie humaine\,dorigny1782__z4_000037.jpg,3156,5481
Anatomie humaine\,dorigny1782__z4_000038.jpg,3158,5481
Anatomie humaine\,dorigny1782__z4_000039.jpg,3156,5481
Personnage,dorigny1782__z4_000040.jpg,3156,5481
Personnage,dorigny1782__z4_000041.jpg,3156,5481
Personnage,dorigny1782__z4_000042.jpg,3156,5481
Portrait\,dorigny1782__z4_000043.jpg,3098,5427
Portrait\,dorigny1782__z4_000044.jpg,3202,5450
Portrait\,dorigny1782__z4_000045.jpg,3108,5421
Portrait\,dorigny1782__z4_000046.jpg,3173,5483
Portrait\,dorigny1782__z4_000047.jpg,3173,5483
Portrait\,dorigny1782__z4_000048.jpg,3140,5479
Portrait\,dorigny1782__z4_000049.jpg,3142,5479
Portrait\,dorigny1782__z4_000050.jpg,3142,5479
Portrait\,dorigny1782__z4_000051.jpg,3100,5473
Portrait\,dorigny1782__z4_000052.jpg,3100,5473
Portrait\,dorigny1782__z4_000053.jpg,3100,5473
Portrait\,dorigny1782__z4_000054.jpg,3100,5473
Portrait\,dorigny1782__z4_000055.jpg,3098,5423
Portrait\,dorigny1782__z4_000056.jpg,3017,5408
Portrait\,dorigny1782__z4_000057.jpg,3010,5465
Portrait\,dorigny1782__z4_000058.jpg,3010,5367
Portrait\,dorigny1782__z4_000059.jpg,3148,5479
Portrait\,dorigny1782__z4_000060.jpg,3148,5479
Portrait\,dorigny1782__z4_000061.jpg,3150,5479
Portrait\,dorigny1782__z4_000062.jpg,3083,5471
Portrait\,dorigny1782__z4_000063.jpg,3158,5481
Portrait\,dorigny1782__z4_000064.jpg,3158,5481
Portrait\,dorigny1782__z4_000065.jpg,3158,5481
Portrait\,dorigny1782__z4_000066.jpg,3133,5477
Portrait\,dorigny1782__z4_000067.jpg,3133,5479
Portrait\,dorigny1782__z4_000068.jpg,3133,5479
Portrait\,dorigny1782__z4_000069.jpg,3133,5479
Portrait\,dorigny1782__z4_000070.jpg,3083,5473
Portrait\,dorigny1782__z4_000071.jpg,3125,5479
Portrait\,dorigny1782__z4_000072.jpg,3054,5469
Portrait\,dorigny1782__z4_000073.jpg,3125,5479
Portrait\,dorigny1782__z4_000074.jpg,3125,5479
Portrait\,dorigny1782__z4_000075.jpg,3125,5479
Portrait\,dorigny1782__z4_000076.jpg,3125,5479
Portrait\,dorigny1782__z4_000077.jpg,3125,5479
Portrait\,dorigny1782__z4_000078.jpg,3125,5479
Portrait\,dorigny1782__z4_000079.jpg,3125,5479
Portrait\,dorigny1782__z4_000080.jpg,3075,5471
Portrait\,dorigny1782__z4_000081.jpg,3190,5485
Portrait\,dorigny1782__z4_000082.jpg,3190,5485
Portrait\,dorigny1782__z4_000083.jpg,3006,5463
Portrait\,dorigny1782__z4_000084.jpg,3192,5485
Portrait\,dorigny1782__z4_000085.jpg,3192,5485
Portrait\,dorigny1782__z4_000086.jpg,3190,5485
Portrait\,dorigny1782__z4_000087.jpg,3075,5471
Portrait\,dorigny1782__z4_000088.jpg,3190,5485
Portrait\,dorigny1782__z4_000089.jpg,3190,5485
Portrait\,dorigny1782__z4_000090.jpg,3190,5485
Portrait\,dorigny1782__z4_000091.jpg,3190,5485
Portrait\,dorigny1782__z4_000092.jpg,3190,5485
Personnage,dorigny1782__z4_000093.jpg,3190,5485
Personnage,dorigny1782__z4_000094.jpg,3190,5485
Personnage,dorigny1782__z4_000095.jpg,3190,5485
Personnage,dorigny1782__z4_000096.jpg,3190,5485
Scene\,dorigny1782__z4_000097.jpg,3306,5398
Portrait\,dorigny1782__z4_000103.jpg,3206,5369
Paysage\,For the curious young gentlemen and aldies-1751_000046.jpg,5344,4410
Paysage\,For the curious young gentlemen and aldies-1751_000047.jpg,5477,4210
Paysage\,For the curious young gentlemen and aldies-1751_000048.jpg,5410,4410
Paysage\,For the curious young gentlemen and aldies-1751_000049.jpg,5477,4410
Paysage\,For the curious young gentlemen and aldies-1751_000050.jpg,5477,4410
Paysage\,For the curious young gentlemen and aldies-1751_000051.jpg,5410,4410
Paysage\,For the curious young gentlemen and aldies-1751_000052.jpg,5410,4410
Paysage\,For the curious young gentlemen and aldies-1751_000053.jpg,5410,4410
Paysage\,For the curious young gentlemen and aldies-1751_000054.jpg,5410,4410
Paysage\,For the curious young gentlemen and aldies-1751_000055.jpg,5410,4410
Paysage\,For the curious young gentlemen and aldies-1751_000056.jpg,5410,4410
Paysage\,For the curious young gentlemen and aldies-1751_000057.jpg,5477,4477
Paysage\,For the curious young gentlemen and aldies-1751_000058.jpg,5410,4410
Paysage\,For the curious young gentlemen and aldies-1751_000059.jpg,5410,4410
Paysage\,For the curious young gentlemen and aldies-1751_000060.jpg,5477,4410
Paysage\,For the curious young gentlemen and aldies-1751_000061.jpg,5410,4410
Paysage\,For the curious young gentlemen and aldies-1751_000062.jpg,5410,4410
Paysage\,For the curious young gentlemen and aldies-1751_000063.jpg,5410,4410
Paysage\,For the curious young gentlemen and aldies-1751_000064.jpg,5410,4410
Paysage\,For the curious young gentlemen and aldies-1751_000065.jpg,5410,4410
Paysage\,For the curious young gentlemen and aldies-1751_000066.jpg,5410,4410
Paysage\,For the curious young gentlemen and aldies-1751_000067.jpg,5477,4477
Paysage\,For the curious young gentlemen and aldies-1751_000068.jpg,5610,4610
Paysage\,For the curious young gentlemen and aldies-1751_000069.jpg,5544,4544
Paysage\,For the curious young gentlemen and aldies-1751_000070.jpg,5410,4410
Paysage\,For the curious young gentlemen and aldies-1751_000071.jpg,5477,4544
Paysage\,For the curious young gentlemen and aldies-1751_000072.jpg,5544,4610
Paysage\,For the curious young gentlemen and aldies-1751_000073.jpg,5410,4410
Paysage\,For the curious young gentlemen and aldies-1751_000074.jpg,5477,4477
Paysage\,For the curious young gentlemen and aldies-1751_000075.jpg,5544,4544
Paysage\,For the curious young gentlemen and aldies-1751_000076.jpg,5477,4477
Paysage\,For the curious young gentlemen and aldies-1751_000077.jpg,5344,4610
Paysage\,For the curious young gentlemen and aldies-1751_000078.jpg,5477,4477
Paysage\,For the curious young gentlemen and aldies-1751_000079.jpg,5477,4477
Paysage\,For the curious young gentlemen and aldies-1751_000080.jpg,5544,4544
Paysage\,For the curious young gentlemen and aldies-1751_000081.jpg,5410,4410
Paysage\,For the curious young gentlemen and aldies-1751_000082.jpg,5544,4610
Paysage\,For the curious young gentlemen and aldies-1751_000083.jpg,5544,4544
Paysage\,For the curious young gentlemen and aldies-1751_000084.jpg,5477,4477
Scene\,For the curious young gentlemen and aldies-1751_000085.jpg,5410,4410
Paysage\,For the curious young gentlemen and aldies-1751_000086.jpg,5544,4610
Anatomie humaine\,For the curious young gentlemen and aldies-1751_000087.jpg,5410,4410
Anatomie humaine\,For the curious young gentlemen and aldies-1751_000088.jpg,5410,4410
Anatomie humaine\,For the curious young gentlemen and aldies-1751_000089.jpg,5410,4410
Anatomie humaine\,For the curious young gentlemen and aldies-1751_000090.jpg,5410,4410
Anatomie humaine\,For the curious young gentlemen and aldies-1751_000091.jpg,5410,4410
Anatomie humaine\,For the curious young gentlemen and aldies-1751_000092.jpg,5410,4544
Portrait\,For the curious young gentlemen and aldies-1751_000093.jpg,5410,4410
Portrait\,For the curious young gentlemen and aldies-1751_000094.jpg,5410,4410
Portrait\,For the curious young gentlemen and aldies-1751_000095.jpg,5344,4410
Portrait\,For the curious young gentlemen and aldies-1751_000096.jpg,5410,4410
Portrait\,For the curious young gentlemen and aldies-1751_000097.jpg,5410,4410
Portrait\,For the curious young gentlemen and aldies-1751_000098.jpg,5344,4410
Anatomie humaine\,For the curious young gentlemen and aldies-1751_000099.jpg,5344,4410
Anatomie humaine\,For the curious young gentlemen and aldies-1751_000100.jpg,5344,4410
Anatomie humaine\,For the curious young gentlemen and aldies-1751_000101.jpg,5344,4410
Personnage,For the curious young gentlemen and aldies-1751_000102.jpg,5344,4410
Personnage,For the curious young gentlemen and aldies-1751_000103.jpg,5344,4410
Personnage,For the curious young gentlemen and aldies-1751_000104.jpg,5344,4410
Personnage,For the curious young gentlemen and aldies-1751_000105.jpg,5344,4410
Geometrie,gri.ark__13960_t3nw2vn5h-1591645624_000250.jpg,1275,1650
Anatomie humaine\,gri.ark__13960_t8gf1rf61-1578577020_000028.jpg,1240,1754
Anatomie humaine\,gri.ark__13960_t8gf1rf61-1578577020_000032.jpg,1240,1754
Portrait\,gri.ark__13960_t8gf1rf61-1578577020_000038.jpg,1240,1754
Portrait\,gri.ark__13960_t8gf1rf61-1578577020_000040.jpg,1240,1754
Portrait\,gri.ark__13960_t8gf1rf61-1578577020_000042.jpg,1240,1754
Geometrie,gri.ark__13960_t8gf1rf61-1578577020_000060.jpg,1240,1754
Paysage\,gri.ark__13960_t8gf1rf61-1578577020_000062.jpg,1240,1754
Geometrie,gri.ark__13960_t8gf1rf61-1578577020_000064.jpg,1240,1754
Anatomie humaine\,gri.ark__13960_t8gf1rf61-1578577020-24-197_000005.jpg,1240,1754
Anatomie humaine\,gri.ark__13960_t8gf1rf61-1578577020-24-197_000009.jpg,1240,1754
Portrait\,gri.ark__13960_t8gf1rf61-1578577020-24-197_000015.jpg,1240,1754
Portrait\,gri.ark__13960_t8gf1rf61-1578577020-24-197_000017.jpg,1240,1754
Portrait\,gri.ark__13960_t8gf1rf61-1578577020-24-197_000019.jpg,1240,1754
Geometrie,gri.ark__13960_t8gf1rf61-1578577020-24-197_000037.jpg,1240,1754
Paysage\,gri.ark__13960_t8gf1rf61-1578577020-24-197_000039.jpg,1240,1754
Geometrie,gri.ark__13960_t8gf1rf61-1578577020-24-197_000041.jpg,1240,1754
Geometrie,gri.ark__13960_t9s21kv35-1591646249_000066.jpg,1275,1650
Geometrie,gri.ark__13960_t9s21kv35-1591646249_000070.jpg,1275,1650
Geometrie,gri.ark__13960_t9s21kv35-1591646249_000074.jpg,1275,1650
Geometrie,gri.ark__13960_t9s21kv35-1591646249_000078.jpg,1275,1650
Geometrie,gri.ark__13960_t9s21kv35-1591646249_000083.jpg,1275,1650
Anatomie humaine\,IMG_0578.jpg,2448,3264
Anatomie humaine\,IMG_0579.jpg,3264,2448
Anatomie humaine\,IMG_0580.jpg,2448,3264
Anatomie humaine\,IMG_0581.jpg,2448,3264
Anatomie humaine\,IMG_0582.jpg,2448,3264
Anatomie humaine\,IMG_0583.jpg,2448,3264
Anatomie humaine\,IMG_0584.jpg,2448,3264
Anatomie humaine\,IMG_0585.jpg,2448,3264
Portrait\,IMG_0586.jpg,2448,3264
Portrait\,IMG_0587.jpg,2448,3264
Portrait\,IMG_0588.jpg,2448,3264
Portrait\,IMG_0589.jpg,2448,3264
Portrait\,IMG_0590.jpg,2448,3264
Portrait\,IMG_0591.jpg,2448,3264
Portrait\,IMG_0592.jpg,2448,3264
Portrait\,IMG_0593.jpg,2448,3264
Portrait\,IMG_0594.jpg,2448,3264
Portrait\,IMG_0595.jpg,2448,3264
Portrait\,IMG_0596.jpg,2448,3264
Portrait\,IMG_0597.jpg,2448,3264
Portrait\,IMG_0598.jpg,2448,3264
Portrait\,IMG_0599.jpg,2448,3264
Portrait\,IMG_0600.jpg,2448,3264
Portrait\,IMG_0601.jpg,2448,3264
Portrait\,IMG_0602.jpg,2448,3264
Portrait\,IMG_0603.jpg,2448,3264
Portrait\,IMG_0604.jpg,2448,3264
Portrait\,IMG_0605.jpg,2448,3264
Portrait\,IMG_0606.jpg,2448,3264
Portrait\,IMG_0607.jpg,2448,3264
Portrait\,IMG_0608.jpg,2448,3264
Portrait\,IMG_0609.jpg,2448,3264
Portrait\,IMG_0610.jpg,2448,3264
Portrait\,IMG_0611.jpg,2448,3264
Portrait\,IMG_0612.jpg,2448,3264
Portrait\,IMG_0613.jpg,2448,3264
Anatomie humaine\,IMG_0614.jpg,3264,2448
Personnage,IMG_0615.jpg,2448,3264
Personnage,IMG_0616.jpg,2448,3264
Personnage,IMG_0617.jpg,2448,3264
Personnage,IMG_0618.jpg,2448,3264
Personnage,IMG_0619.jpg,2448,3264
Personnage,IMG_0620.jpg,2448,3264
Personnage,IMG_0621.jpg,2448,3264
Personnage,IMG_0622.jpg,2448,3264
Personnage,IMG_0623.jpg,2448,3264
Paysage\,IMG_0624.jpg,2448,3264
Paysage\,IMG_0625.jpg,2448,3264
Paysage\,IMG_0626.jpg,2448,3264
Paysage\,IMG_0627.jpg,2448,3264
Paysage\,IMG_0628.jpg,2448,3264
Paysage\,IMG_0629.jpg,2448,3264
Paysage\,IMG_0630.jpg,2448,3264
Paysage\,IMG_0631.jpg,2448,3264
Paysage\,IMG_0632.jpg,2448,3264
Paysage\,IMG_0633.jpg,2448,3264
Paysage\,IMG_0634.jpg,2448,3264
Paysage\,IMG_0635.jpg,2448,3264
Paysage\,IMG_0636.jpg,2448,3264
Paysage\,IMG_0637.jpg,2448,3264
Paysage\,IMG_0638.jpg,2448,3264
Paysage\,IMG_0639.jpg,2448,3264
Paysage\,IMG_0640.jpg,2448,3264
Anatomie humaine\,IMG_0641.jpg,2448,3264
Animal\,IMG_0642.jpg,2448,3264
Animal\,IMG_0643.jpg,2448,3264
Animal\,IMG_0644.jpg,2448,3264
Animal\,IMG_0645.jpg,2448,3264
Animal\,IMG_0646.jpg,2448,3264
Animal\,IMG_0647.jpg,2448,3264
Animal\,IMG_0648.jpg,2448,3264
Animal\,IMG_0649.jpg,2448,3264
Animal\,IMG_0650.jpg,2448,3264
Animal\,IMG_0651.jpg,2448,3264
Animal\,IMG_0652.jpg,2448,3264
Animal\,IMG_0653.jpg,2448,3264
Animal\,IMG_0654.jpg,2448,3264
Animal\,IMG_0655.jpg,2448,3264
Animal\,IMG_0656.jpg,2448,3264
Animal\,IMG_0657.jpg,2448,3264
Animal\,IMG_0658.jpg,2448,3264
Animal\,IMG_0659.jpg,2448,3264
Animal\,IMG_0660.jpg,2448,3264
Animal\,IMG_0661.jpg,2448,3264
Animal\,IMG_0662.jpg,2448,3264
Animal\,IMG_0663.jpg,2448,3264
Animal\,IMG_0664.jpg,2448,3264
Animal\,IMG_0665.jpg,2448,3264
Animal\,IMG_0666.jpg,2448,3264
Plante\,IMG_0667.jpg,2448,3264
Plante\,IMG_0668.jpg,2448,3264
Plante\,IMG_0669.jpg,2448,3264
Plante\,IMG_0670.jpg,2448,3264
Plante\,IMG_0671.jpg,2448,3264
Plante\,IMG_0672.jpg,2448,3264
Scene\,IMG_0673.jpg,2448,3264
Paysage\,IMG_0674.jpg,2448,3264
Paysage\,IMG_0675.jpg,2448,3264
Scene\,IMG_0676.jpg,2448,3264
Paysage\,IMG_0677.jpg,2448,3264
Paysage\,IMG_0678.jpg,2448,3264
Paysage\,IMG_0679.jpg,2448,3264
Anatomie humaine\,IMG_0870.jpg,2448,3264
Anatomie humaine\,IMG_0871.jpg,2448,3264
Anatomie humaine\,IMG_0872.jpg,2448,3264
Anatomie humaine\,IMG_0873.jpg,2448,3264
Anatomie humaine\,IMG_0874.jpg,2448,3264
Anatomie humaine\,IMG_0875.jpg,2448,3264
Anatomie humaine\,IMG_0876.jpg,2448,3264
Anatomie humaine\,IMG_0877.jpg,2448,3264
Anatomie humaine\,IMG_0878.jpg,2448,3264
Anatomie humaine\,IMG_0879.jpg,2448,3264
Portrait\,IMG_0880.jpg,3264,2448
Portrait\,IMG_0881.jpg,3264,2448
Portrait\,IMG_0882.jpg,3264,2448
Portrait\,IMG_0883.jpg,3264,2448
Portrait\,IMG_0884.jpg,2448,3264
Anatomie humaine\,IMG_0885.jpg,2448,3264
Portrait\,IMG_0886.jpg,3264,2448
Portrait\,IMG_0887.jpg,2448,3264
Portrait\,IMG_0888.jpg,2448,3264
Anatomie humaine\,IMG_0889.jpg,3264,2448
Anatomie humaine\,IMG_0890.jpg,3264,2448
Anatomie humaine\,IMG_0891.jpg,2448,3264
Portrait\,IMG_0892.jpg,2448,3264
Personnage,IMG_0893.jpg,2448,3264
Portrait\,IMG_0894.jpg,3264,2448
Portrait\,IMG_0895.jpg,2448,3264
Portrait\,IMG_0896.jpg,2448,3264
Portrait\,IMG_0897.jpg,2448,3264
Portrait\,IMG_0898.jpg,2448,3264
Portrait\,IMG_0899.jpg,2448,3264
Portrait\,IMG_0900.jpg,2448,3264
Portrait\,IMG_0901.jpg,2448,3264
Personnage,IMG_0902.jpg,2448,3264
Scene\,IMG_0903.jpg,2448,3264
Paysage\,IMG_0904.jpg,2448,3264
Paysage\,IMG_0905.jpg,2448,3264
Paysage\,IMG_0906.jpg,2448,3264
Paysage\,IMG_0907.jpg,2448,3264
Paysage\,IMG_0908.jpg,2448,3264
Plante\,IMG_0909.jpg,2448,3264
Plante\,IMG_0910.jpg,3264,2448
Plante\,IMG_0911.jpg,3264,2448
Plante\,IMG_0912.jpg,2448,3264
Plante\,IMG_0913.jpg,3264,2448
Plante\,IMG_0914.jpg,2448,3264
Anatomie humaine\,IMG_1055.jpg,3264,2448
Anatomie humaine\,IMG_1056.jpg,3264,2448
Personnage,IMG_1057.jpg,3264,2448
Personnage,IMG_1058.jpg,3264,2448
Portrait\,IMG_1059.jpg,3264,2448
Portrait\,IMG_1060.jpg,3264,2448
Personnage,IMG_1061.jpg,3264,2448
Anatomie humaine\,IMG_1062.jpg,3264,2448
Portrait\,IMG_1063.jpg,3264,2448
Anatomie humaine\,IMG_1064.jpg,3264,2448
Portrait\,IMG_1065.jpg,3264,2448
Portrait\,IMG_1066.jpg,3264,2448
Portrait\,IMG_1067.jpg,3264,2448
Anatomie humaine\,IMG_1068.jpg,3264,2448
Anatomie humaine\,IMG_1069.jpg,3264,2448
Portrait\,IMG_1070.jpg,3264,2448
Anatomie humaine\,IMG_1071.jpg,3264,2448
Anatomie humaine\,IMG_1072.jpg,2448,3264
Anatomie humaine\,IMG_1073.jpg,2448,3264
Anatomie humaine\,IMG_1074.jpg,2448,3264
Anatomie humaine\,IMG_1075.jpg,2448,3264
Anatomie humaine\,IMG_20180524_125643.jpg,4160,2336
Anatomie humaine\,IMG_20180524_125741.jpg,4160,2336
Portrait\,IMG_20180524_125812.jpg,4160,2336
Portrait\,IMG_20180524_125822.jpg,4160,2336
Portrait\,IMG_20180524_125833.jpg,4160,2336
Portrait\,IMG_20180524_125841.jpg,4160,2336
Portrait\,IMG_20180524_125848.jpg,4160,2336
Portrait\,IMG_20180524_125854.jpg,4160,2336
Personnage,IMG_20180524_125907.jpg,4160,2336
Anatomie humaine\,IMG_20180524_12564323.jpg,4160,2336
Anatomie humaine\,IMG_20180524_12574123.jpg,4160,2336
Portrait\,IMG_20180524_12581223.jpg,4160,2336
Portrait\,IMG_20180524_12584123.jpg,4160,2336
Portrait\,IMG_20180524_12584823.jpg,4160,2336
Portrait\,IMG_20180524_12585423.jpg,4160,2336
Personnage,IMG_20180524_12590723.jpg,4160,2336
Anatomie humaine\,IMG_20180525_121132.jpg,4160,2336
Anatomie humaine\,IMG_20180525_121240.jpg,4160,2336
Geometrie,IMG_20180525_121401.jpg,2336,4160
Geometrie,IMG_20180525_121410.jpg,2336,4160
Scene\,Principles of drawing-1785_000001.jpg,4763,3256
Paysage\,Principles of drawing-1785_000009.jpg,4346,3525
Paysage\,Principles of drawing-1785_000012.jpg,4438,3663
Paysage\,Principles of drawing-1785_000013.jpg,4254,3548
Paysage\,Principles of drawing-1785_000014.jpg,4254,3494
Paysage\,Principles of drawing-1785_000017.jpg,4383,3567
Paysage\,Principles of drawing-1785_000020.jpg,4352,3610
Paysage\,Principles of drawing-1785_000022.jpg,4350,3610
Portrait\,Principles of drawing-1785_000024.jpg,4350,3610
Portrait\,Principles of drawing-1785_000026.jpg,4350,3610
Portrait\,Principles of drawing-1785_000028.jpg,4350,3544
Portrait\,Principles of drawing-1785_000030.jpg,4350,3544
Portrait\,Principles of drawing-1785_000032.jpg,4350,3544
Personnage,Principles of drawing-1785_000034.jpg,4350,3544
Plante\,Principles of drawing-1785_000036.jpg,4350,3544
Plante\,Principles of drawing-1785_000038.jpg,4350,3544
Plante\,Principles of drawing-1785_000040.jpg,4577,7294
Plante\,Principles of drawing-1785_000042.jpg,4167,3685
Plante\,Principles of drawing-1785_000044.jpg,4865,4025
Plante\,Principles of drawing-1785_000046.jpg,4396,3752
Paysage\,Principles of drawing-1785_000048.jpg,4396,3379
Paysage\,Principles of drawing-1785_000049.jpg,4079,3250
Paysage\,Principles of drawing-1785_000050.jpg,4396,3379
Scene\,Principles of drawing-1785_000051.jpg,4079,3250
Paysage\,Principles of drawing-1785_000052.jpg,4396,3379
Paysage\,Principles of drawing-1785_000053.jpg,4065,3185
Paysage\,Principles of drawing-1785_000054.jpg,4233,3221
Paysage\,Principles of drawing-1785_000056.jpg,4396,3379
Paysage\,Principles of drawing-1785_000057.jpg,4079,3250
Personnage,Principles of drawing-1785_000058.jpg,3446,5029
Anatomie humaine\,The art of drawing and painting in water-colours-1757_000001.jpg,7404,5465
Anatomie humaine\,The art of drawing and painting in water-colours-1757_000007.jpg,4804,5538
Portrait\,The art of drawing and painting in water-colours-1795_000001.jpg,5944,4210
Anatomie humaine\,The art of drawing and painting in water-colours-1795_000081.jpg,6010,4344
Scene\,The art of painting in miniature-1750_000001.jpg,1877,3610
Portrait\,The art of painting in miniature-1750_000143.jpg,1744,3477
Anatomie humaine\,The artist's vade-mecum-1776_000009.jpg,6277,4877
Portrait\,The artist's vade-mecum-1776_000010.jpg,4877,6277
Portrait\,The artist's vade-mecum-1776_000011.jpg,4877,6277
Anatomie humaine\,The artist's vade-mecum-1776_000012.jpg,6277,4877
Anatomie humaine\,The artist's vade-mecum-1776_000013.jpg,6277,4877
Anatomie humaine\,The artist's vade-mecum-1776_000014.jpg,6277,4877
Anatomie humaine\,The artist's vade-mecum-1776_000015.jpg,6277,4877
Portrait\,The artist's vade-mecum-1776_000016.jpg,6277,4877
Portrait\,The artist's vade-mecum-1776_000017.jpg,4877,6277
Portrait\,The artist's vade-mecum-1776_000018.jpg,4877,6277
Portrait\,The artist's vade-mecum-1776_000019.jpg,4877,6277
Portrait\,The artist's vade-mecum-1776_000020.jpg,4877,6277
Portrait\,The artist's vade-mecum-1776_000021.jpg,4877,6277
Portrait\,The artist's vade-mecum-1776_000022.jpg,5077,6477
Portrait\,The artist's vade-mecum-1776_000023.jpg,4877,6277
Portrait\,The artist's vade-mecum-1776_000024.jpg,4877,6277
Portrait\,The artist's vade-mecum-1776_000025.jpg,4877,6277
Portrait\,The artist's vade-mecum-1776_000026.jpg,5144,6477
Portrait\,The artist's vade-mecum-1776_000027.jpg,4877,6277
Portrait\,The artist's vade-mecum-1776_000028.jpg,5010,6344
Portrait\,The artist's vade-mecum-1776_000029.jpg,5010,6344
Portrait\,The artist's vade-mecum-1776_000030.jpg,4877,6277
Portrait\,The artist's vade-mecum-1776_000031.jpg,6344,4944
Portrait\,The artist's vade-mecum-1776_000032.jpg,6410,5077
Anatomie humaine\,The artist's vade-mecum-1776_000033.jpg,6410,5010
Anatomie humaine\,The artist's vade-mecum-1776_000034.jpg,4877,6277
Anatomie humaine\,The artist's vade-mecum-1776_000035.jpg,4877,6277
Anatomie humaine\,The artist's vade-mecum-1776_000036.jpg,4877,6277
Anatomie humaine\,The artist's vade-mecum-1776_000037.jpg,6277,4877
Anatomie humaine\,The artist's vade-mecum-1776_000038.jpg,4877,6277
Anatomie humaine\,The artist's vade-mecum-1776_000039.jpg,6277,4877
Anatomie humaine\,The artist's vade-mecum-1776_000040.jpg,6477,5077
Anatomie humaine\,The artist's vade-mecum-1776_000041.jpg,6277,4877
Anatomie humaine\,The artist's vade-mecum-1776_000042.jpg,6277,4877
Anatomie humaine\,The artist's vade-mecum-1776_000043.jpg,6277,4877
Anatomie humaine\,The artist's vade-mecum-1776_000044.jpg,6277,4877
Anatomie humaine\,The artist's vade-mecum-1776_000045.jpg,6277,4877
Personnage,The artist's vade-mecum-1776_000046.jpg,6410,5010
Personnage,The artist's vade-mecum-1776_000047.jpg,4877,6277
Personnage,The artist's vade-mecum-1776_000048.jpg,4877,6277
Personnage,The artist's vade-mecum-1776_000049.jpg,5010,6410
Personnage,The artist's vade-mecum-1776_000050.jpg,5144,6477
Personnage,The artist's vade-mecum-1776_000051.jpg,5144,6477
Personnage,The artist's vade-mecum-1776_000052.jpg,5010,6344
Personnage,The artist's vade-mecum-1776_000053.jpg,5010,6410
Personnage,The artist's vade-mecum-1776_000054.jpg,4944,6344
Portrait\,The artist's vade-mecum-1776_000055.jpg,5210,6544
Portrait\,The artist's vade-mecum-1776_000056.jpg,4944,6344
Portrait\,The artist's vade-mecum-1776_000057.jpg,5077,6410
Portrait\,The artist's vade-mecum-1776_000058.jpg,6344,4944
Scene\,The artist's vade-mecum-1776_000059.jpg,5010,6410
Scene\,The artist's vade-mecum-1776_000060.jpg,4877,6277
Personnage,The artist's vade-mecum-1776_000061.jpg,4877,6277
Personnage,The artist's vade-mecum-1776_000062.jpg,4877,6277
Personnage,The artist's vade-mecum-1776_000063.jpg,4877,6277
Scene\,The artist's vade-mecum-1776_000064.jpg,5277,6477
Portrait\,The artist's vade-mecum-1776_000065.jpg,5477,6344
Animal\,The artist's vade-mecum-1776_000066.jpg,6477,5344
Animal\,The artist's vade-mecum-1776_000067.jpg,6610,5477
Animal\,The artist's vade-mecum-1776_000068.jpg,6344,5344
Animal\,The artist's vade-mecum-1776_000069.jpg,6410,5344
Animal\,The artist's vade-mecum-1776_000070.jpg,6144,5210
Animal\,The artist's vade-mecum-1776_000071.jpg,6344,5477
Animal\,The artist's vade-mecum-1776_000072.jpg,6210,5344
Animal\,The artist's vade-mecum-1776_000073.jpg,6410,5477
Animal\,The artist's vade-mecum-1776_000074.jpg,5210,6210
Animal\,The artist's vade-mecum-1776_000075.jpg,5277,6210
Animal\,The artist's vade-mecum-1776_000076.jpg,5344,6277
Animal\,The artist's vade-mecum-1776_000077.jpg,5277,6344
Animal\,The artist's vade-mecum-1776_000078.jpg,5210,6344
Animal\,The artist's vade-mecum-1776_000079.jpg,6544,5477
Animal\,The artist's vade-mecum-1776_000080.jpg,6477,5410
Animal\,The artist's vade-mecum-1776_000081.jpg,6210,5344
Animal\,The artist's vade-mecum-1776_000082.jpg,6210,5344
Plante\,The artist's vade-mecum-1776_000083.jpg,6344,5277
Plante\,The artist's vade-mecum-1776_000084.jpg,6544,5544
Plante\,The artist's vade-mecum-1776_000085.jpg,6410,5410
Plante\,The artist's vade-mecum-1776_000086.jpg,6410,5477
Paysage\,The artist's vade-mecum-1776_000087.jpg,6410,5410
Paysage\,The artist's vade-mecum-1776_000088.jpg,6077,5210
Paysage\,The artist's vade-mecum-1776_000089.jpg,6144,5210
Paysage\,The artist's vade-mecum-1776_000090.jpg,6210,5344
Paysage\,The artist's vade-mecum-1776_000091.jpg,6344,5410
Paysage\,The artist's vade-mecum-1776_000092.jpg,6210,5344
Scene\,The artist's vade-mecum-1776_000093.jpg,6277,5210
Scene\,The artist's vade-mecum-1776_000094.jpg,6144,5277
Paysage\,The artist's vade-mecum-1776_000095.jpg,5210,6010
Paysage\,The artist's vade-mecum-1776_000096.jpg,5410,6144
Scene\,The artist's vade-mecum-1776_000097.jpg,6544,5277
Scene\,The artist's vade-mecum-1776_000098.jpg,6744,5544
Paysage\,The artist's vade-mecum-1776_000099.jpg,6344,5344
Paysage\,The artist's vade-mecum-1776_000100.jpg,6477,5477
Plante\,The artist's vade-mecum-1776_000101.jpg,5344,6410
Plante\,The artist's vade-mecum-1776_000102.jpg,6477,5410
Paysage\,The artist's vade-mecum-1776_000103.jpg,6477,5477
Paysage\,The artist's vade-mecum-1776_000104.jpg,6210,5410
Paysage\,The artist's vade-mecum-1776_000105.jpg,6144,5344
Paysage\,The artist's vade-mecum-1776_000106.jpg,6144,5344
Paysage\,The artist's vade-mecum-1776_000107.jpg,6144,5344
Paysage\,The artist's vade-mecum-1776_000108.jpg,6210,5410
Anatomie humaine\,The artists assistant in drawing-1770_000009.jpg,4810,3544
Anatomie humaine\,The artists assistant in drawing-1770_000014.jpg,4677,3544
Geometrie,The artists assistant in drawing-1770_000029.jpg,5144,3544
Geometrie,The artists assistant in drawing-1786_000012.jpg,4544,4077
Anatomie humaine\,The artists assistant in drawing-1786_000013.jpg,4544,4077
Geometrie,The artists assistant in drawing-1786_000020.jpg,4677,4010
Anatomie humaine\,The Compleat drawing-book-1755_000012.jpg,3902,6890
Anatomie humaine\,The Compleat drawing-book-1755_000014.jpg,3902,6890
Anatomie humaine\,The Compleat drawing-book-1755_000016.jpg,3902,6890
Anatomie humaine\,The Compleat drawing-book-1755_000018.jpg,3902,6890
Portrait\,The Compleat drawing-book-1755_000020.jpg,3902,6890
Portrait\,The Compleat drawing-book-1755_000022.jpg,3902,6890
Portrait\,The Compleat drawing-book-1755_000024.jpg,3902,6890
Portrait\,The Compleat drawing-book-1755_000026.jpg,3902,6890
Portrait\,The Compleat drawing-book-1755_000028.jpg,3902,6890
Portrait\,The Compleat drawing-book-1755_000030.jpg,3902,6890
Portrait\,The Compleat drawing-book-1755_000032.jpg,3575,6890
Portrait\,The Compleat drawing-book-1755_000034.jpg,3575,6890
Portrait\,The Compleat drawing-book-1755_000036.jpg,3575,6890
Portrait\,The Compleat drawing-book-1755_000038.jpg,3575,6890
Portrait\,The Compleat drawing-book-1755_000040.jpg,3575,6890
Portrait\,The Compleat drawing-book-1755_000042.jpg,3575,6890
Portrait\,The Compleat drawing-book-1755_000044.jpg,3575,6890
Portrait\,The Compleat drawing-book-1755_000046.jpg,3575,6890
Portrait\,The Compleat drawing-book-1755_000048.jpg,3575,6890
Portrait\,The Compleat drawing-book-1755_000050.jpg,3575,6890
Portrait\,The Compleat drawing-book-1755_000052.jpg,3575,6890
Portrait\,The Compleat drawing-book-1755_000054.jpg,3575,6890
Portrait\,The Compleat drawing-book-1755_000056.jpg,3575,6890
Anatomie humaine\,The Compleat drawing-book-1755_000058.jpg,3575,6890
Anatomie humaine\,The Compleat drawing-book-1755_000060.jpg,3575,6890
Anatomie humaine\,The Compleat drawing-book-1755_000062.jpg,3575,6890
Anatomie humaine\,The Compleat drawing-book-1755_000064.jpg,3575,6890
Anatomie humaine\,The Compleat drawing-book-1755_000066.jpg,3575,6890
Anatomie humaine\,The Compleat drawing-book-1755_000068.jpg,3575,6890
Anatomie humaine\,The Compleat drawing-book-1755_000070.jpg,3575,6890
Anatomie humaine\,The Compleat drawing-book-1755_000072.jpg,3575,6890
Anatomie humaine\,The Compleat drawing-book-1755_000074.jpg,3575,6890
Anatomie humaine\,The Compleat drawing-book-1755_000076.jpg,3575,6890
Anatomie humaine\,The Compleat drawing-book-1755_000078.jpg,3575,6890
Anatomie humaine\,The Compleat drawing-book-1755_000080.jpg,3575,6890
Anatomie humaine\,The Compleat drawing-book-1755_000082.jpg,3575,6890
Anatomie humaine\,The Compleat drawing-book-1755_000084.jpg,3575,6890
Anatomie humaine\,The Compleat drawing-book-1755_000086.jpg,3575,6890
Anatomie humaine\,The Compleat drawing-book-1755_000088.jpg,3575,6890
Anatomie humaine\,The Compleat drawing-book-1755_000090.jpg,3575,6890
Personnage,The Compleat drawing-book-1755_000092.jpg,3575,6890
Anatomie humaine\,The Compleat drawing-book-1755_000094.jpg,3575,6890
Personnage,The Compleat drawing-book-1755_000096.jpg,3575,6890
Personnage,The Compleat drawing-book-1755_000098.jpg,3575,6890
Personnage,The Compleat drawing-book-1755_000100.jpg,3575,6890
Personnage,The Compleat drawing-book-1755_000102.jpg,3575,6890
Personnage,The Compleat drawing-book-1755_000104.jpg,3575,6890
Personnage,The Compleat drawing-book-1755_000106.jpg,3575,6890
Personnage,The Compleat drawing-book-1755_000108.jpg,3575,6890
Personnage,The Compleat drawing-book-1755_000110.jpg,3575,6890
Portrait\,The Compleat drawing-book-1755_000112.jpg,6888,3577
Portrait\,The Compleat drawing-book-1755_000114.jpg,6888,3577
Portrait\,The Compleat drawing-book-1755_000116.jpg,6890,3575
Portrait\,The Compleat drawing-book-1755_000118.jpg,6888,3577
Portrait\,The Compleat drawing-book-1755_000120.jpg,6890,3575
Portrait\,The Compleat drawing-book-1755_000122.jpg,6890,3575
Portrait\,The Compleat drawing-book-1755_000124.jpg,6888,3577
Portrait\,The Compleat drawing-book-1755_000126.jpg,6888,3577
Portrait\,The Compleat drawing-book-1755_000128.jpg,6890,3575
Portrait\,The Compleat drawing-book-1755_000130.jpg,6888,3577
Portrait\,The Compleat drawing-book-1755_000132.jpg,6888,3577
Portrait\,The Compleat drawing-book-1755_000134.jpg,6890,3575
Portrait\,The Compleat drawing-book-1755_000136.jpg,6888,3577
Portrait\,The Compleat drawing-book-1755_000138.jpg,6754,3577
Scene\,The Compleat drawing-book-1755_000140.jpg,6758,3575
Personnage,The Compleat drawing-book-1755_000142.jpg,6754,3577
Scene\,The Compleat drawing-book-1755_000144.jpg,6758,3575
Scene\,The Compleat drawing-book-1755_000146.jpg,6754,3577
Paysage\,The Compleat drawing-book-1755_000148.jpg,3575,6758
Paysage\,The Compleat drawing-book-1755_000150.jpg,6758,3575
Paysage\,The Compleat drawing-book-1755_000152.jpg,6758,3575
Paysage\,The Compleat drawing-book-1755_000154.jpg,6758,3575
Paysage\,The Compleat drawing-book-1755_000156.jpg,6754,3829
Paysage\,The Compleat drawing-book-1755_000158.jpg,6758,3835
Paysage\,The Compleat drawing-book-1755_000160.jpg,6758,3835
Paysage\,The Compleat drawing-book-1755_000162.jpg,6758,3835
Paysage\,The Compleat drawing-book-1755_000164.jpg,6754,3763
Paysage\,The Compleat drawing-book-1755_000166.jpg,6758,3758
Paysage\,The Compleat drawing-book-1755_000168.jpg,6754,3763
Paysage\,The Compleat drawing-book-1755_000170.jpg,6758,3967
Paysage\,The Compleat drawing-book-1755_000172.jpg,6758,3967
Animal\,The Compleat drawing-book-1755_000174.jpg,6758,3758
Animal\,The Compleat drawing-book-1755_000176.jpg,6754,3763
Animal\,The Compleat drawing-book-1755_000178.jpg,6758,3548
Animal\,The Compleat drawing-book-1755_000180.jpg,6754,3550
Animal\,The Compleat drawing-book-1755_000182.jpg,6758,3548
Animal\,The Compleat drawing-book-1755_000184.jpg,6754,3710
Animal\,The Compleat drawing-book-1755_000186.jpg,6758,3981
Animal\,The Compleat drawing-book-1755_000188.jpg,6758,3706
Animal\,The Compleat drawing-book-1755_000190.jpg,6758,3706
Animal\,The Compleat drawing-book-1755_000192.jpg,6754,4004
Animal\,The Compleat drawing-book-1755_000194.jpg,6754,3602
Animal\,The Compleat drawing-book-1755_000196.jpg,6758,3706
Animal\,The Compleat drawing-book-1755_000198.jpg,6758,3706
Animal\,The Compleat drawing-book-1755_000200.jpg,6758,3706
Animal\,The Compleat drawing-book-1755_000202.jpg,6758,3706
Animal\,The Compleat drawing-book-1755_000204.jpg,6758,3706
Animal\,The Compleat drawing-book-1755_000206.jpg,6758,3706
Animal\,The Compleat drawing-book-1755_000208.jpg,6550,8496
Geometrie,The practice of painting and perspective made easy-1773_000050.jpg,4944,5744
Geometrie,The practice of painting and perspective made easy-1773_000055.jpg,4944,5744
Geometrie,The practice of painting and perspective made easy-1773_000058.jpg,4810,5610
Geometrie,The practice of painting and perspective made easy-1773_000061.jpg,4810,5744
Geometrie,The practice of painting and perspective made easy-1773_000064.jpg,4810,5744
Geometrie,The practice of painting and perspective made easy-1773_000067.jpg,4744,5744
Geometrie,The principles of drawing-1752_000005.jpg,4277,6544
Geometrie,The principles of drawing-1752_000006.jpg,4410,6677
Anatomie humaine\,The principles of drawing-1752_000007.jpg,4144,6477
Portrait\,The principles of drawing-1752_000010.jpg,4210,6610
Anatomie humaine\,The principles of drawing-1752_000011.jpg,4210,6610
Anatomie humaine\,The principles of drawing-1752_000012.jpg,4144,6544
Anatomie humaine\,The principles of drawing-1752_000013.jpg,4144,6544
Anatomie humaine\,The principles of drawing-1752_000014.jpg,4144,6544
Anatomie humaine\,The principles of drawing-1752_000015.jpg,4144,6544
Anatomie humaine\,The principles of drawing-1752_000016.jpg,4144,6544
Portrait\,The principles of drawing-1752_000017.jpg,4144,6544
Portrait\,The principles of drawing-1752_000018.jpg,4210,6610
Portrait\,The principles of drawing-1752_000019.jpg,4144,6544
Portrait\,The principles of drawing-1752_000020.jpg,6544,4144
Portrait\,The principles of drawing-1752_000021.jpg,6544,4144
Portrait\,The principles of drawing-1752_000022.jpg,6544,4144
Portrait\,The principles of drawing-1752_000023.jpg,6544,4144
Portrait\,The principles of drawing-1752_000024.jpg,6544,4144
Personnage,The principles of drawing-1752_000025.jpg,4210,6610
Personnage,The principles of drawing-1752_000026.jpg,4344,6677
Personnage,The principles of drawing-1752_000027.jpg,4144,6544
Portrait\,The principles of drawing-1752_000028.jpg,4144,6544
Portrait\,The principles of drawing-1752_000029.jpg,4144,6544
Portrait\,The principles of drawing-1752_000030.jpg,4544,6810
Portrait\,The principles of drawing-1752_000031.jpg,4477,6810
Personnage,The principles of drawing-1752_000033.jpg,4477,6544
Animal\,The principles of drawing-1752_000034.jpg,4344,6544
Personnage,The principles of drawing-1752_000035.jpg,6410,4344
Personnage,The principles of drawing-1752_000036.jpg,6410,4344
Paysage\,The principles of drawing-1752_000037.jpg,6610,4610
Scene\,The principles of drawing-1752_000038.jpg,4277,6477
Scene\,The principles of drawing-1752_000039.jpg,4210,6410
Scene\,The principles of drawing-1752_000040.jpg,4344,6477
Scene\,The principles of drawing-1752_000041.jpg,4344,6477
Scene\,The principles of drawing-1752_000042.jpg,4344,6477
Paysage\,The principles of drawing-1752_000043.jpg,4277,6477
Paysage\,The principles of drawing-1752_000044.jpg,4277,6477
Paysage\,The principles of drawing-1752_000045.jpg,4277,6477
Paysage\,The principles of drawing-1752_000046.jpg,4277,6477
Paysage\,The principles of drawing-1752_000047.jpg,4344,6477
Paysage\,The principles of drawing-1752_000048.jpg,4344,6477
Paysage\,The principles of drawing-1752_000049.jpg,4410,6544
Paysage\,The principles of drawing-1752_000050.jpg,4410,6544
Paysage\,The principles of drawing-1752_000051.jpg,4210,6410
Scene\,The principles of drawing-1752_000052.jpg,4344,6544
Personnage,The principles of drawing-1752_000053.jpg,4344,6477
Personnage,The principles of drawing-1752_000054.jpg,4544,6610
Personnage,The principles of drawing-1752_000055.jpg,4210,6410
Personnage,The principles of drawing-1752_000056.jpg,4410,6544
Animal\,The principles of drawing-1752_000057.jpg,6410,4210
Animal\,The principles of drawing-1752_000058.jpg,6677,4544
Animal\,The principles of drawing-1752_000059.jpg,6410,4210
Geometrie,The principles of drawing, or an easy and familiar method_000012.jpg,1319,2088
Portrait\,The principles of drawing, or an easy and familiar method_000013.jpg,1306,2083
Anatomie humaine\,The principles of drawing, or an easy and familiar method_000015.jpg,1306,2083
Portrait\,The principles of drawing, or an easy and familiar method_000016.jpg,1306,2083
Anatomie humaine\,The principles of drawing, or an easy and familiar method_000018.jpg,1306,2083
Portrait\,The principles of drawing, or an easy and familiar method_000020.jpg,1306,2083
Anatomie humaine\,The principles of drawing, or an easy and familiar method_000022.jpg,1292,2083
Anatomie humaine\,The principles of drawing, or an easy and familiar method_000024.jpg,1292,2083
Anatomie humaine\,The principles of drawing, or an easy and familiar method_000026.jpg,1292,2083
Anatomie humaine\,The principles of drawing, or an easy and familiar method_000028.jpg,1292,2083
Portrait\,The principles of drawing, or an easy and familiar method_000030.jpg,1292,2083
Portrait\,The principles of drawing, or an easy and familiar method_000032.jpg,1292,2083
Portrait\,The principles of drawing, or an easy and familiar method_000034.jpg,1292,2083
Portrait\,The principles of drawing, or an easy and familiar method_000036.jpg,1292,2083
Portrait\,The principles of drawing, or an easy and familiar method_000038.jpg,1292,2083
Portrait\,The principles of drawing, or an easy and familiar method_000040.jpg,1292,2083
Portrait\,The principles of drawing, or an easy and familiar method_000042.jpg,1292,2083
Portrait\,The principles of drawing, or an easy and familiar method_000044.jpg,1292,2083
Personnage,The principles of drawing, or an easy and familiar method_000046.jpg,1292,2083
Personnage,The principles of drawing, or an easy and familiar method_000048.jpg,1292,2083
Personnage,The principles of drawing, or an easy and familiar method_000050.jpg,1292,2083
Portrait\,The principles of drawing, or an easy and familiar method_000052.jpg,1292,2083
Portrait\,The principles of drawing, or an easy and familiar method_000054.jpg,1292,2083
Portrait\,The principles of drawing, or an easy and familiar method_000056.jpg,1292,2083
Portrait\,The principles of drawing, or an easy and familiar method_000058.jpg,1292,2083
Personnage,The principles of drawing, or an easy and familiar method_000060.jpg,1292,2083
Animal\,The principles of drawing, or an easy and familiar method_000062.jpg,1292,2083
Personnage,The principles of drawing, or an easy and familiar method_000064.jpg,1292,2083
Personnage,The principles of drawing, or an easy and familiar method_000066.jpg,1292,2083
Paysage\,The principles of drawing, or an easy and familiar method_000068.jpg,1292,2083
Scene\,The principles of drawing, or an easy and familiar method_000070.jpg,1292,2083
Scene\,The principles of drawing, or an easy and familiar method_000072.jpg,1292,2083
Scene\,The principles of drawing, or an easy and familiar method_000074.jpg,1292,2083
Scene\,The principles of drawing, or an easy and familiar method_000076.jpg,1298,2083
Scene\,The principles of drawing, or an easy and familiar method_000078.jpg,1298,2083
Paysage\,The principles of drawing, or an easy and familiar method_000080.jpg,1298,2083
Paysage\,The principles of drawing, or an easy and familiar method_000082.jpg,1298,2083
Paysage\,The principles of drawing, or an easy and familiar method_000084.jpg,1298,2083
Paysage\,The principles of drawing, or an easy and familiar method_000086.jpg,1298,2083
Paysage\,The principles of drawing, or an easy and familiar method_000088.jpg,1298,2083
Paysage\,The principles of drawing, or an easy and familiar method_000090.jpg,1298,2083
Paysage\,The principles of drawing, or an easy and familiar method_000092.jpg,1298,2083
Paysage\,The principles of drawing, or an easy and familiar method_000094.jpg,1315,2079
Paysage\,The principles of drawing, or an easy and familiar method_000096.jpg,1315,2079
Paysage\,The principles of drawing, or an easy and familiar method_000098.jpg,1315,2079
Personnage,The principles of drawing, or an easy and familiar method_000100.jpg,1315,2079
Personnage,The principles of drawing, or an easy and familiar method_000102.jpg,1315,2079
Personnage,The principles of drawing, or an easy and familiar method_000104.jpg,1315,2079
Animal\,The principles of drawing, or an easy and familiar method_000106.jpg,1315,2079
Animal\,The principles of drawing, or an easy and familiar method_000108.jpg,1315,2079
Animal\,The principles of drawing, or an easy and familiar method_000110.jpg,2079,1315
Geometrie,The_Art_of_Painting_in_All_Its_Branches_000037.jpg,1053,1401
Anatomie humaine\,The_Art_of_Painting_in_All_Its_Branches_000042.jpg,1033,1393
Anatomie humaine\,The_Art_of_Painting_in_All_Its_Branches_000045.jpg,1062,1403
Anatomie humaine\,The_Art_of_Painting_in_All_Its_Branches_000048.jpg,1034,1397
Anatomie humaine\,The_Art_of_Painting_in_All_Its_Branches_000051.jpg,1063,1400
Personnage,The_Art_of_Painting_in_All_Its_Branches_000053.jpg,1107,1400
Personnage,The_Art_of_Painting_in_All_Its_Branches_000056.jpg,1045,1399
Personnage,The_Art_of_Painting_in_All_Its_Branches_000059.jpg,1042,1395
Personnage,The_Art_of_Painting_in_All_Its_Branches_000063.jpg,1057,1400
Personnage,The_Art_of_Painting_in_All_Its_Branches_000077.jpg,1049,1399
Personnage,The_Art_of_Painting_in_All_Its_Branches_000087.jpg,1016,1399
Personnage,The_Art_of_Painting_in_All_Its_Branches_000089.jpg,1096,1399
Personnage,The_Art_of_Painting_in_All_Its_Branches_000092.jpg,1031,1401
Scene\,The_Art_of_Painting_in_All_Its_Branches_000098.jpg,977,1291
Scene\,The_Art_of_Painting_in_All_Its_Branches_000101.jpg,955,1395
Scene\,The_Art_of_Painting_in_All_Its_Branches_000136.jpg,1024,1401
Scene\,The_Art_of_Painting_in_All_Its_Branches_000149.jpg,1011,1394
Scene\,The_Art_of_Painting_in_All_Its_Branches_000172.jpg,1019,1398
Scene\,The_Art_of_Painting_in_All_Its_Branches_000195.jpg,1009,1402
Scene\,The_Art_of_Painting_in_All_Its_Branches_000200.jpg,1009,1399
Scene\,The_Art_of_Painting_in_All_Its_Branches_000204.jpg,1016,1397
Scene\,The_Art_of_Painting_in_All_Its_Branches_000207.jpg,1016,1360
Scene\,The_Art_of_Painting_in_All_Its_Branches_000210.jpg,1006,1399
Scene\,The_Art_of_Painting_in_All_Its_Branches_000213.jpg,1016,1397
Scene\,The_Art_of_Painting_in_All_Its_Branches_000215.jpg,988,1395
Scene\,The_Art_of_Painting_in_All_Its_Branches_000219.jpg,998,1396
Scene\,The_Art_of_Painting_in_All_Its_Branches_000229.jpg,981,1393
Geometrie,The_Art_of_Painting_in_All_Its_Branches_000232.jpg,1009,1399
Scene\,The_Art_of_Painting_in_All_Its_Branches_000236.jpg,982,1391
Geometrie,The_Art_of_Painting_in_All_Its_Branches_000240.jpg,988,1381
Scene\,The_Art_of_Painting_in_All_Its_Branches_000243.jpg,994,1387
Scene\,The_Art_of_Painting_in_All_Its_Branches_000247.jpg,1015,1389
Scene\,The_Art_of_Painting_in_All_Its_Branches_000250.jpg,1009,1399
Geometrie,The_Art_of_Painting_in_All_Its_Branches_000261.jpg,1000,1382
Geometrie,The_Art_of_Painting_in_All_Its_Branches_000264.jpg,1011,1402
Personnage,The_Art_of_Painting_in_All_Its_Branches_000270.jpg,985,1391
Scene\,The_Art_of_Painting_in_All_Its_Branches_000273.jpg,1009,1397
Personnage,The_Art_of_Painting_in_All_Its_Branches_000275.jpg,1014,1399
Scene\,The_Art_of_Painting_in_All_Its_Branches_000282.jpg,988,1397
Scene\,The_Art_of_Painting_in_All_Its_Branches_000292.jpg,986,1391
Geometrie,The_Art_of_Painting_in_All_Its_Branches_000296.jpg,1003,1380
Scene\,The_Art_of_Painting_in_All_Its_Branches_000301.jpg,1039,1401
Paysage\,The_Art_of_Painting_in_All_Its_Branches_000305.jpg,885,1393
Geometrie,The_Art_of_Painting_in_All_Its_Branches_000312.jpg,997,1390
Scene\,The_Art_of_Painting_in_All_Its_Branches_000318.jpg,1002,1401
Paysage\,The_Art_of_Painting_in_All_Its_Branches_000320.jpg,1009,1395
Paysage\,The_Art_of_Painting_in_All_Its_Branches_000330.jpg,1013,1399
Geometrie,The_Art_of_Painting_in_All_Its_Branches_000342.jpg,1006,1395
Scene\,The_Art_of_Painting_in_All_Its_Branches_000354.jpg,1014,1399
Scene\,The_Art_of_Painting_in_All_Its_Branches_000356.jpg,1008,1391
Scene\,The_Art_of_Painting_in_All_Its_Branches_000370.jpg,1005,1401
Scene\,The_Art_of_Painting_in_All_Its_Branches_000378.jpg,994,1381
Scene\,The_Art_of_Painting_in_All_Its_Branches_000382.jpg,979,1397
Personnage,The_Art_of_Painting_in_All_Its_Branches_000412.jpg,1019,1401
Portrait\,The_Art_of_Painting_in_All_Its_Branches_000416.jpg,990,1396
Geometrie,The_Art_of_Painting_in_All_Its_Branches_000434.jpg,1008,1395
Geometrie,The_Art_of_Painting_in_All_Its_Branches_000492.jpg,1012,1395
Geometrie,The_Art_of_Painting_in_All_Its_Branches_000498.jpg,998,1399
Personnage,The_Art_of_Painting_in_All_Its_Branches_000501.jpg,1021,1401
Geometrie,The_Art_of_Painting_in_All_Its_Branches_000509.jpg,1035,1399
Personnage,The_Art_of_Painting_in_All_Its_Branches_000566.jpg,1009,1383
Personnage,The_Art_of_Painting_in_All_Its_Branches_000569.jpg,1022,1378
Anatomie humaine\,The_Art_of_Painting_in_All_Its_Branches_000572.jpg,1025,1399
Geometrie,The_Art_of_Painting_in_All_Its_Branches_000576.jpg,1028,1399
Portrait\,The_Art_of_Painting_in_All_Its_Branches_000652.jpg,986,1393
Scene\,The_Art_of_Painting_in_All_Its_Branches_000655.jpg,1049,1379
Scene\,The_Art_of_Painting_in_All_Its_Branches_000662.jpg,1017,1394
Anatomie humaine\,The_Artist_s_Assistant_000027.jpg,717,1230
Anatomie humaine\,The_Artist_s_Assistant_000031.jpg,717,1235
Portrait\,The_Artist_s_Assistant_000037.jpg,717,1224
Portrait\,The_Artist_s_Assistant_000039.jpg,717,1235
Geometrie,The_Artist_s_Assistant_000055.jpg,717,1228
Geometrie,The_Artist_s_Assistant_000057.jpg,717,1230
Paysage\,The_Artist_s_Assistant_000059.jpg,717,1228
Geometrie,The_Artist_s_Assistant_000061.jpg,717,1238
Portrait\,The_Artist_s_Assistant-23-196_000005.jpg,718,1230
Anatomie humaine\,The_Artist_s_Assistant-23-196_000009.jpg,718,1235
Portrait\,The_Artist_s_Assistant-23-196_000015.jpg,718,1225
Portrait\,The_Artist_s_Assistant-23-196_000017.jpg,718,1235
Geometrie,The_Artist_s_Assistant-23-196_000033.jpg,718,1228
Geometrie,The_Artist_s_Assistant-23-196_000035.jpg,718,1231
Paysage\,The_Artist_s_Assistant-23-196_000037.jpg,718,1228
Geometrie,The_Artist_s_Assistant-23-196_000039.jpg,718,1238
Anatomie humaine\,The_Complete_Drawing_book_Containing_Man_000023.jpg,790,1219
Anatomie humaine\,The_Complete_Drawing_book_Containing_Man_000025.jpg,786,1206
Portrait\,The_Complete_Drawing_book_Containing_Man_000027.jpg,786,1214
Portrait\,The_Complete_Drawing_book_Containing_Man_000029.jpg,838,1240
Portrait\,The_Complete_Drawing_book_Containing_Man_000031.jpg,826,1200
Portrait\,The_Complete_Drawing_book_Containing_Man_000033.jpg,773,1209
Portrait\,The_Complete_Drawing_book_Containing_Man_000035.jpg,777,1211
Portrait\,The_Complete_Drawing_book_Containing_Man_000037.jpg,762,1212
Portrait\,The_Complete_Drawing_book_Containing_Man_000039.jpg,784,1213
Portrait\,The_Complete_Drawing_book_Containing_Man_000041.jpg,786,1209
Portrait\,The_Complete_Drawing_book_Containing_Man_000043.jpg,802,1215
Portrait\,The_Complete_Drawing_book_Containing_Man_000045.jpg,778,1210
Anatomie humaine\,The_Complete_Drawing_book_Containing_Man_000047.jpg,765,1204
Anatomie humaine\,The_Complete_Drawing_book_Containing_Man_000049.jpg,789,1206
Anatomie humaine\,The_Complete_Drawing_book_Containing_Man_000051.jpg,797,1230
Anatomie humaine\,The_Complete_Drawing_book_Containing_Man_000053.jpg,781,1198
Anatomie humaine\,The_Complete_Drawing_book_Containing_Man_000055.jpg,785,1211
Anatomie humaine\,The_Complete_Drawing_book_Containing_Man_000057.jpg,762,1213
Anatomie humaine\,The_Complete_Drawing_book_Containing_Man_000059.jpg,763,1208
Anatomie humaine\,The_Complete_Drawing_book_Containing_Man_000061.jpg,759,1208
Anatomie humaine\,The_Complete_Drawing_book_Containing_Man_000063.jpg,770,1207
Personnage,The_Complete_Drawing_book_Containing_Man_000065.jpg,765,1209
Personnage,The_Complete_Drawing_book_Containing_Man_000067.jpg,784,1212
Personnage,The_Complete_Drawing_book_Containing_Man_000069.jpg,761,1213
Personnage,The_Complete_Drawing_book_Containing_Man_000071.jpg,765,1212
Personnage,The_Complete_Drawing_book_Containing_Man_000073.jpg,764,1212
Portrait\,The_Complete_Drawing_book_Containing_Man_000075.jpg,780,1237
Portrait\,The_Complete_Drawing_book_Containing_Man_000077.jpg,758,1208
Portrait\,The_Complete_Drawing_book_Containing_Man_000079.jpg,766,1204
Portrait\,The_Complete_Drawing_book_Containing_Man_000081.jpg,770,1213
Portrait\,The_Complete_Drawing_book_Containing_Man_000083.jpg,783,1214
Paysage\,The_Complete_Drawing_book_Containing_Man_000085.jpg,763,1210
Paysage\,The_Complete_Drawing_book_Containing_Man_000087.jpg,761,1212
Paysage\,The_Complete_Drawing_book_Containing_Man_000089.jpg,767,1213
Paysage\,The_Complete_Drawing_book_Containing_Man_000091.jpg,772,1209
Paysage\,The_Complete_Drawing_book_Containing_Man_000093.jpg,771,1214
Paysage\,The_Complete_Drawing_book_Containing_Man_000095.jpg,774,1210
Paysage\,The_Complete_Drawing_book_Containing_Man_000097.jpg,769,1210
Paysage\,The_Complete_Drawing_book_Containing_Man_000099.jpg,790,1214
Paysage\,The_Complete_Drawing_book_Containing_Man_000101.jpg,788,1213
Paysage\,The_Complete_Drawing_book_Containing_Man_000103.jpg,777,1207
Paysage\,The_Complete_Drawing_book_Containing_Man_000105.jpg,758,1204
Paysage\,The_Complete_Drawing_book_Containing_Man_000107.jpg,759,1209
Paysage\,The_Complete_Drawing_book_Containing_Man_000109.jpg,782,1216
Paysage\,The_Complete_Drawing_book_Containing_Man_000111.jpg,764,1207
Paysage\,The_Complete_Drawing_book_Containing_Man_000113.jpg,790,1225
Paysage\,The_Complete_Drawing_book_Containing_Man_000115.jpg,764,1209
Paysage\,The_Complete_Drawing_book_Containing_Man_000117.jpg,801,1233
Paysage\,The_Complete_Drawing_book_Containing_Man_000119.jpg,769,1209
Paysage\,The_Complete_Drawing_book_Containing_Man_000121.jpg,763,1214
Plante\,The_Complete_Drawing_book_Containing_Man_000123.jpg,766,1210
Plante\,The_Complete_Drawing_book_Containing_Man_000125.jpg,754,1212
Plante\,The_Complete_Drawing_book_Containing_Man_000127.jpg,765,1214
Plante\,The_Complete_Drawing_book_Containing_Man_000129.jpg,759,1213
Plante\,The_Complete_Drawing_book_Containing_Man_000131.jpg,761,1217
Plante\,The_Complete_Drawing_book_Containing_Man_000133.jpg,765,1213
Animal\,The_Complete_Drawing_book_Containing_Man_000135.jpg,759,1216
Animal\,The_Complete_Drawing_book_Containing_Man_000137.jpg,823,1241
Animal\,The_Complete_Drawing_book_Containing_Man_000139.jpg,771,1210
Animal\,The_Complete_Drawing_book_Containing_Man_000141.jpg,776,1212
Animal\,The_Complete_Drawing_book_Containing_Man_000143.jpg,770,1213
Animal\,The_Complete_Drawing_book_Containing_Man_000145.jpg,759,1208
Animal\,The_Complete_Drawing_book_Containing_Man_000147.jpg,811,1249
Animal\,The_Complete_Drawing_book_Containing_Man_000149.jpg,771,1218
Animal\,The_Complete_Drawing_book_Containing_Man_000151.jpg,781,1224
Animal\,The_Complete_Drawing_book_Containing_Man_000153.jpg,758,1207
Animal\,The_Complete_Drawing_book_Containing_Man_000155.jpg,768,1224
Animal\,The_Complete_Drawing_book_Containing_Man_000157.jpg,758,1218
Animal\,The_Complete_Drawing_book_Containing_Man_000159.jpg,769,1213
Animal\,The_Complete_Drawing_book_Containing_Man_000161.jpg,764,1216
Animal\,The_Complete_Drawing_book_Containing_Man_000163.jpg,769,1214
Animal\,The_Complete_Drawing_book_Containing_Man_000165.jpg,790,1226
Animal\,The_Complete_Drawing_book_Containing_Man_000167.jpg,787,1212
Animal\,The_Complete_Drawing_book_Containing_Man_000169.jpg,837,1225
Geometrie,The_Complete_Young_Man_s_Companion_000156.jpg,690,1197
Geometrie,The_Complete_Young_Man_s_Companion_000157.jpg,681,1197
Portrait\,The_Complete_Young_Man_s_Companion_000480.jpg,690,1208
Portrait\,The_Complete_Young_Man_s_Companion_000483.jpg,709,1213
Anatomie humaine\,The_Complete_Young_Man_s_Companion_000486.jpg,708,1213
Paysage\,The_Complete_Young_Man_s_Companion_000488.jpg,714,1213
Paysage\,The_Complete_Young_Man_s_Companion_000490.jpg,695,1198
Portrait\,The_Drawing_School_for_Little_Masters_an_000012.jpg,373,647
Portrait\,The_Drawing_School_for_Little_Masters_an_000026.jpg,411,636
Portrait\,The_Drawing_School_for_Little_Masters_an_000028.jpg,413,620
Portrait\,The_Drawing_School_for_Little_Masters_an_000029.jpg,402,644
Portrait\,The_Drawing_School_for_Little_Masters_an_000030.jpg,419,653
Portrait\,The_Drawing_School_for_Little_Masters_an_000031.jpg,408,628
Portrait\,The_Drawing_School_for_Little_Masters_an_000032.jpg,416,625
Portrait\,The_Drawing_School_for_Little_Masters_an_000033.jpg,398,631
Portrait\,The_Drawing_School_for_Little_Masters_an_000034.jpg,412,644
Portrait\,The_Drawing_School_for_Little_Masters_an_000035.jpg,402,631
Portrait\,The_Drawing_School_for_Little_Masters_an_000036.jpg,412,636
Portrait\,The_Drawing_School_for_Little_Masters_an_000037.jpg,402,636
Portrait\,The_Drawing_School_for_Little_Masters_an_000039.jpg,398,631
Portrait\,The_Drawing_School_for_Little_Masters_an_000040.jpg,399,622
Anatomie humaine\,The_Drawing_School_for_Little_Masters_an_000042.jpg,395,648
Anatomie humaine\,The_Drawing_School_for_Little_Masters_an_000043.jpg,391,633
Anatomie humaine\,The_Drawing_School_for_Little_Masters_an_000044.jpg,397,644
Anatomie humaine\,The_Drawing_School_for_Little_Masters_an_000045.jpg,391,639
Anatomie humaine\,The_Drawing_School_for_Little_Masters_an_000047.jpg,411,632
Anatomie humaine\,The_Drawing_School_for_Little_Masters_an_000048.jpg,395,622
Anatomie humaine\,The_Drawing_School_for_Little_Masters_an_000049.jpg,393,638
Anatomie humaine\,The_Drawing_School_for_Little_Masters_an_000050.jpg,393,625
Anatomie humaine\,The_Drawing_School_for_Little_Masters_an_000052.jpg,391,636
Portrait\,The_Drawing_School_for_Little_Masters_an_000060.jpg,402,636
Portrait\,The_Drawing_School_for_Little_Masters_an_000061.jpg,395,633
Animal\,The_Drawing_School_for_Little_Masters_an_000062.jpg,411,645
Animal\,The_Drawing_School_for_Little_Masters_an_000063.jpg,405,642
Animal\,The_Drawing_School_for_Little_Masters_an_000064.jpg,405,633
Animal\,The_Drawing_School_for_Little_Masters_an_000065.jpg,401,630
Animal\,The_Drawing_School_for_Little_Masters_an_000066.jpg,400,618
Animal\,The_Drawing_School_for_Little_Masters_an_000067.jpg,418,648
Geometrie,The_Drawing_School_for_Little_Masters_an_000072.jpg,390,633
Geometrie,The_Drawing_School_for_Little_Masters_an_000085.jpg,412,644
Geometrie,The_Drawing_School_for_Little_Masters_an_000087.jpg,409,634
Geometrie,The_Drawing_School_for_Little_Masters_an_000089.jpg,415,628
Geometrie,The_Drawing_School_for_Little_Masters_an_000090.jpg,405,627
Geometrie,The_Drawing_School_for_Little_Masters_an_000092.jpg,417,631
Geometrie,The_Drawing_School_for_Little_Masters_an_000093.jpg,420,644
Geometrie,The_Drawing_School_for_Little_Masters_an_000094.jpg,401,627
Geometrie,The_Drawing_School_for_Little_Masters_an_000096.jpg,412,632